,number,context,question,A,B,C,D,E,answer,context-images
0,136,"


O mapa ao lado representa um bairro de determinada cidade, no qual as flechas indicam o sentido das mãos do tráfego. Sabe-se que esse bairro foi planejado e que cada quadra representada na figura é um terreno quadrado, de lado igual a 200 metros.










","


Desconsiderando-se a largura das ruas, qual seria o tempo, em minutos, que um ônibus, em velocidade constante e igual a 40 km/h, partindo do ponto X, demoraria para chegar até o ponto Y?


",        25 min.      ,        15 min.      ,"        2,5 min.      ","        1,5 min.      ","        0,15 min.      ",D,enem-data/enem-2009/136-images/context_img_0.png
1,152,"

Um grupo de 50 pessoas fez um orçamento inicial para organizar uma festa, que seria dividido entre elas em cotas iguais. Verificou-se ao final que, para arcar com todas as despesas, faltavam R$ 510,00, e que 5 novas pessoas haviam ingressado no grupo. No acerto foi decidido que a despesa total seria dividida em partes iguais pelas 55 pessoas. Quem não havia ainda contribuído pagaria a sua parte, e cada uma das 50 pessoas do grupo inicial deveria contribuir com mais R$ 7,00.


","


De acordo com essas informações, qual foi o valor da cota calculada no acerto final para cada uma das 55 pessoas?


","        R$ 14,00.      ","        R$ 17,00.      ","        R$ 22,00.      ","        R$ 32,00.      ","        R$ 57,00.      ",D,
2,140,"


Uma resolução do Conselho Nacional de Política Energética (CNPE) estabeleceu a obrigatoriedade de adição de biodiesel ao óleo diesel comercializado nos postos. A exigência é que, a partir de 1.º de julho de 2009, 4% do volume da mistura final seja formada por biodiesel. Até junho de 2009, esse percentual era de 3%. Essa medida estimula a demanda de biodiesel, bem como possibilita a redução da importação de dísel de petróleo.

Disponível em: http://www1.folha.uol.com.br.
Acesso em: 12 jul. 2009 (adaptado).



","


Estimativas indicam que, com a adição de 4% de biodiesel ao dísel, serão consumidos 925 milhões de litros de biodiesel no segundo semestre de 2009. Considerando-se essa estimativa, para o mesmo volume da mistura final dísel/biodiesel consumida no segundo semestre de 2009, qual seria o consumo de biodiesel com a adição de 3%?


","        27,75 milhões de litros.      ","        37,00 milhões de litros.      ","        231,25 milhões de litros.      ","        693,75 milhões de litros.      ","        888,00 milhões de litros.      ",D,
3,150,"


Brasil e França têm relações comerciais há mais de 200 anos. Enquanto a França é a 5ª nação mais rica do planeta, o Brasil é a 10ª, e ambas se destacam na economia mundial. No entanto, devido a uma série de restrições, o comércio entre esses dois países ainda não é adequadamente explorado, como mostra a tabela seguinte, referente ao período 2003-2007.










","


Os dados da tabela mostram que, no período considerado, os valores médios dos investimentos da França no Brasil foram maiores que os investimentos do Brasil na França em um valor


",        inferior a 300 milhões de dólares.      ,"        superior a 300 milhões de dólares, mas inferior a 400 milhões de dólares.      ","        superior a 400 milhões de dólares, mas inferior a 500 milhões de dólares.      ","        superior a 500 milhões de dólares, mas inferior a 600 milhões de dólares.      ",        superior a 600 milhões de dólares.      ,D,enem-data/enem-2009/150-images/context_img_0.png
4,138,"


A população mundial está ficando mais velha, os índices de natalidade diminuíram e a expectativa de vida aumentou. No gráfico seguinte, são apresentados dados obtidos por pesquisa realizada pela Organização das Nações Unidas (ONU), a respeito da quantidade de pessoas com 60 anos ou mais em todo o mundo. Os números da coluna da direita representam as faixas percentuais. Por exemplo, em 1950 havia 95 milhões de pessoas com 60 anos ou mais nos países desenvolvidos, número entre 10% e 15% da população total nos países desenvolvidos.










","


Em 2050, a probabilidade de se escolher, aleatoriamente, uma pessoa com 60 anos ou mais de idade, na população dos países desenvolvidos, será um número mais próximo de


",        1/2.      ,        7/20.      ,        8/25.      ,        1/5.      ,        3/25.      ,C,enem-data/enem-2009/138-images/context_img_0.png
5,143,"


O gráfico a seguir mostra a evolução, de abril de 2008 a maio de 2009, da população economicamente ativa para seis Regiões Metropolitanas pesquisadas.













Disponível em: www.ibge.gov.br.



","


Considerando que a taxa de crescimento da população economicamente ativa, entre 05/09 e 06/09, seja de 4%, então o número de pessoas economicamente ativas em 06/09 será igual a


",        23.940.      ,        32.228.      ,        920.800.      ,        23.940.800.      ,        32.228.000.      ,D,enem-data/enem-2009/143-images/context_img_0.png
6,137,"


A população mundial está ficando mais velha, os índices de natalidade diminuíram e a expectativa de vida aumentou. No gráfico seguinte, são apresentados dados obtidos por pesquisa realizada pela Organização das Nações Unidas (ONU), a respeito da quantidade de pessoas com 60 anos ou mais em todo o mundo. Os números da coluna da direita representam as faixas percentuais. Por exemplo, em 1950 havia 95 milhões de pessoas com 60 anos ou mais nos países desenvolvidos, número entre 10% e 15% da população total nos países desenvolvidos.











Suponha que o modelo exponencial y = 363e0,03x, em que x = 0 corresponde ao ano 2000, x = 1 corresponde ao ano 2001, e assim sucessivamente, e que y é a população em milhões de habitantes no ano x, seja usado para estimar essa população com 60 anos ou mais de idade nos países em desenvolvimento entre 2010 e 2050.


","


Desse modo, considerando e0,3 = 1,35, estima-se que a população com 60 anos ou mais estará, em 2030, entre


",        490 e 510 milhões.      ,        550 e 620 milhões.      ,        780 e 800 milhões.      ,        810 e 860 milhões.      ,        870 e 910 milhões.      ,E,enem-data/enem-2009/137-images/context_img_0.png
7,151,"


Suponha que, na escultura do artista Emanoel Araújo, mostrada na figura a seguir, todos os prismas numerados em algarismos romanos são retos, com bases triangulares, e que as faces laterais do poliedro II são perpendiculares à sua própria face superior, que, por sua vez, é um triângulo congruente ao triângulo base dos prismas. Além disso, considere que os prismas I e III são perpendiculares ao prisma IV e ao poliedro II.










","


Imagine um plano paralelo à face α do prisma I, mas que passe pelo ponto P pertencente à aresta do poliedro II, indicado na figura. A interseção desse plano imaginário com a escultura contém


",        dois triângulos congruentes com lados correspondentes paralelos.      ,        dois retângulos congruentes e com lados correspondentes paralelos.      ,        dois trapézios congruentes com lados correspondentes perpendiculares.      ,        dois paralelogramos congruentes com lados correspondentes paralelos.      ,        dois quadriláteros congruentes com lados correspondentes perpendiculares.      ,A,enem-data/enem-2009/151-images/context_img_0.png
8,148,"


Uma pousada oferece pacotes promocionais para atrair casais a se hospedarem por até oito dias. A hospedagem seria em apartamento de luxo e, nos três primeiros dias, a diária custaria R$ 150,00, preço da diária fora da promoção. Nos três dias seguintes, seria aplicada uma redução no valor da diária, cuja taxa média de variação, a cada dia, seria de R$ 20,00. Nos dois dias restantes, seria mantido o preço do sexto dia. Nessas condições, um modelo para a promoção idealizada é apresentado no gráfico a seguir, no qual o valor da diária é função do tempo medido em número de dias.










","


De acordo com os dados e com o modelo, comparando o preço que um casal pagaria pela hospedagem por sete dias fora da promoção, um casal que adquirir o pacote promocional por oito dias fará uma economia de


","        R$ 90,00.      ","        R$ 110,00.      ","        R$ 130,00.      ","        R$ 150,00.      ","        R$ 170,00.      ",A,enem-data/enem-2009/148-images/context_img_0.png
9,142,"


A suspeita de que haveria uma relação causal entre tabagismo e câncer de pulmão foi levantada pela primeira vez a partir de observações clínicas. Para testar essa possível associação, foram conduzidos inúmeros estudos epidemiológicos. Dentre esses, houve o estudo do número de casos de câncer em relação ao número de cigarros consumidos por dia, cujos resultados são mostrados no gráfico a seguir.










","


De acordo com as informações do gráfico,


",        o consumo diário de cigarros e o número de casos de câncer de pulmão são grandezas inversamente proporcionais.      ,        o consumo diário de cigarros e o número de casos de câncer de pulmão são grandezas que não se relacionam.      ,        o consumo diário de cigarros e o número de casos de câncer de pulmão são grandezas diretamente proporcionais.      ,        uma pessoa não fumante certamente nunca será diagnosticada com câncer de pulmão.      ,"        o consumo diário de cigarros e o número de casos de câncer de pulmão são grandezas que estão relacionadas, mas sem proporcionalidade.      ",E,enem-data/enem-2009/142-images/context_img_0.png
10,147,"


A tabela mostra alguns dados da emissão de dióxido de carbono de uma fábrica, em função do número de toneladas produzidas.










","


Os dados na tabela indicam que a taxa média de variação entre a emissão de dióxido de carbono (em ppm) e a produção (em toneladas) é


","        inferior a 0,18.      ","        superior a 0,18 e inferior a 0,50.      ","        superior a 0,50 e inferior a 1,50.      ","        superior a 1,50 e inferior a 2,80.      ","        superior a 2,80.      ",D,enem-data/enem-2009/147-images/context_img_0.png
11,139,"


Dados da Associação Nacional de Empresas de Transportes Urbanos (ANTU) mostram que o número de passageiros transportados mensalmente nas principais regiões metropolitanas do país vem caindo sistematicamente. Eram 476,7 milhões de passageiros em 1995, e esse número caiu para 321,9 milhões em abril de 2001. Nesse período, o tamanho da frota de veículos mudou pouco, tendo no final de 2008 praticamente o mesmo tamanho que tinha em 2001.
O gráfico a seguir mostra um índice de produtividade utilizado pelas empresas do setor, que é a razão entre o total de passageiros transportados por dia e o tamanho da frota de veículos.










","


Supondo que as frotas totais de veículos naquelas regiões metropolitanas em abril de 2001 e em outubro de 2008 eram do mesmo tamanho, os dados do gráfico permitem inferir que o total de passageiros transportados no mês de outubro de 2008 foi aproximadamente igual a


",        355 milhões.      ,        400 milhões.      ,        426 milhões.      ,        441 milhões.      ,        477 milhões.      ,A,enem-data/enem-2009/139-images/context_img_0.png
12,144,"


A música e a matemática se encontram na representação dos tempos das notas musicais, conforme a figura seguinte.











Um compasso é uma unidade musical composta por determinada quantidade de notas musicais em que a soma das durações coincide com a fração indicada como fórmula do compasso. Por exemplo, se a fórmula de compasso for 1/2 , poderia ter um compasso ou com duas semínimas ou uma mínima ou quatro colcheias, sendo possível a combinação de diferentes figuras.


","


Um trecho musical de oito compassos, cuja fórmula é 3/4 , poderia ser preenchido com


",        24 fusas.      ,        3 semínimas.      ,        8 semínimas.      ,        24 colcheias e 12 semínimas.      ,        16 semínimas e 8 semicolcheias.      ,D,enem-data/enem-2009/144-images/context_img_0.png
13,153,"


Técnicos concluem mapeamento do aquífero Guarani
O aquífero Guarani localiza-se no subterrâneo dos territórios da Argentina, Brasil, Paraguai e Uruguai, com extensão total de 1.200.000 quilômetros quadrados, dos quais 840.000 quilômetros quadrados estão no Brasil. O aquífero armazena cerca de 30 mil quilômetros cúbicos de água e é considerado um dos maiores do mundo.
Na maioria das vezes em que são feitas referências à água, são usadas as unidades metro cúbico e litro, e não as unidades já descritas. A Companhia de Saneamento Básico do Estado de São Paulo (SABESP) divulgou, por exemplo, um novo reservatório cuja capacidade de armazenagem é de 20 milhões de litros.

Disponível em: http://noticias.terra.com.br. Acesso em: 10 jul. 2009 (adaptado).



","


Comparando as capacidades do aquífero Guarani e desse novo reservatório da SABESP, a capacidade do aquífero Guarani é


","        1,5 x 102 vezes a capacidade do reservatório novo.      ","        1,5 x 103 vezes a capacidade do reservatório novo.      ","        1,5 x 106 vezes a capacidade do reservatório novo.      ","        1,5 x 108 vezes a capacidade do reservatório novo.      ","        1,5 x 109 vezes a capacidade do reservatório novo.      ",E,
14,161,"


Uma cooperativa de colheita propôs a um fazendeiro um contrato de trabalho nos seguintes termos: a cooperativa forneceria 12 trabalhadores e 4 máquinas, em um regime de trabalho de 6 horas diárias, capazes de colher 20 hectares de milho por dia, ao custo de R$ 10,00 por trabalhador por dia de trabalho, e R$ 1.000,00 pelo aluguel diário de cada máquina. O fazendeiro argumentou que fecharia contrato se a cooperativa colhesse 180 hectares de milho em 6 dias, com gasto inferior a R$ 25.000,00.



","


Para atender às exigências do fazendeiro e supondo que o ritmo dos trabalhadores e das máquinas seja constante, a cooperativa deveria


",        manter sua proposta.      ,        oferecer 4 máquinas a mais.      ,        oferecer 6 trabalhadores a mais.      ,        aumentar a jornada de trabalho para 9 horas diárias.      ,"        reduzir em R$ 400,00 o valor do aluguel diário de uma máquina.      ",D,
15,154,"

A rampa de um hospital tem na sua parte mais elevada uma altura de 2,2 metros. Um paciente ao caminhar sobre a rampa percebe que se deslocou 3,2 metros e alcançou uma altura de 0,8 metro.


","


A distância em metros que o paciente ainda deve caminhar para atingir o ponto mais alto da rampa é


","        1,16 metros.      ","        3,0 metros.      ","        5,4 metros.      ","        5,6 metros.      ","        7,04 metros.      ",D,
16,145,"


As figuras a seguir exibem um trecho de um quebra-cabeças que está sendo montado. Observe que as peças são quadradas e há 8 peças no tabuleiro da figura A e 8 peças no tabuleiro da figura B. As peças são retiradas do tabuleiro da figura B e colocadas no tabuleiro da figura A na posição correta, isto é, de modo a completar os desenhos.

















","


É possível preencher corretamente o espaço indicado pela seta no tabuleiro da figura A colocando a peça


",        1 após girá-la 90° no sentido horário.      ,        1 após girá-la 180° no sentido anti-horário.      ,        2 após girá-la 90° no sentido anti-horário.      ,        2 após girá-la 180° no sentido horário.      ,        2 após girá-la 270° no sentido anti-horário.      ,C,"enem-data/enem-2009/145-images/context_img_0.png,enem-data/enem-2009/145-images/context_img_1.png"
17,160,"

Suponha que a etapa final de uma gincana escolar consista em um desafio de conhecimentos. Cada equipe escolheria 10 alunos para realizar uma prova objetiva, e a pontuação da equipe seria dada pela mediana das notas obtidas pelos alunos. As provas valiam, no máximo, 10 pontos cada. Ao final, a vencedora foi a equipe Ômega, com 7,8 pontos, seguida pela equipe Delta, com 7,6 pontos. Um dos alunos da equipe Gama, a qual ficou na terceira e última colocação, não pôde comparecer, tendo recebido nota zero na prova. As notas obtidas pelos 10 alunos da equipe Gama foram 10; 6,5; 8; 10; 7; 6,5; 7; 8; 6; 0.


","


Se o aluno da equipe Gama que faltou tivesse comparecido, essa equipe


","        teria a pontuação igual a 6,5 se ele obtivesse nota 0.      ",        seria a vencedora se ele obtivesse nota 10.      ,        seria a segunda colocada se ele obtivesse nota 8.      ,"        permaneceria na terceira posição, independentemente da nota obtida pelo aluno.      ",        empataria com a equipe Ômega na primeira colocação se o aluno obtivesse nota 9.      ,D,
18,156,"

Um posto de combustível vende 10.000 litros de álcool por dia a R$ 1,50 cada litro. Seu proprietário percebeu que, para cada centavo de desconto que  concedia por litro, eram vendidos 100 litros a mais por dia. Por exemplo, no dia em que o preço do álcool foi R$ 1,48, foram vendidos 10.200 litros.


","


Considerando x o valor, em centavos, do desconto dado no preço de cada litro, e V o valor, em R$, arrecadado por dia com a venda do álcool, então a expressão que relaciona V e x é
 


",        V = 10.000 + 50x – x².      ,        V = 10.000 + 50x + x².      ,        V = 15.000 – 50x – x².      ,        V = 15.000 + 50x – x².      ,        V = 15.000 – 50x + x².      ,D,
19,158,"


Para cada indivíduo, a sua inscrição no Cadastro de Pessoas Físicas (CPF) é composto por um número de 9 algarismos e outro número de 2 algarismos, na forma d1 e d2, em que os dígitos d1 e d2 são denominados dígitos verificadores. Os dígitos verificadores são calculados, a partir da esquerda, da seguinte maneira: os 9 primeiros algarismos são multiplicados pela sequência 10, 9, 8, 7, 6, 5, 4, 3, 2 (o primeiro por 10, o segundo por 9, e assim sucessivamente); em seguida, calcula-se o resto r da divisão da soma dos resultados das multiplicações por 11, e se esse resto r for 0 ou 1, d1 é zero, caso contrário d1 = (11 – r). O dígito d2 é calculado pela mesma regra, na qual os números a serem multiplicados pela sequência dada são contados a partir do segundo algarismo, sendo d1 o último algarismo, isto é, d2 é zero se o resto s da divisão por 11 das somas das multiplicações for 0 ou 1, caso contrário, d2 = (11 – s).



","


Suponha que João tenha perdido seus documentos, inclusive o cartão de CPF e, ao dar queixa da perda na delegacia, não conseguisse lembrar quais eram os dígitos verificadores, recordando-se apenas que os nove primeiros algarismos eram 123.456.789. Neste caso, os dígitos verificadores d1 e d2 esquecidos são, respectivamente,


",        0 e 9.      ,        1 e 4.      ,        1 e 7.      ,        9 e 1.      ,        0 e 1.      ,A,
20,155,"


A figura a seguir mostra as medidas reais de uma aeronave que será fabricada para utilização por companhias de transporte aéreo. Um engenheiro precisa fazer o desenho desse avião em escala de 1:150.










","


Para o engenheiro fazer esse desenho em uma folha de papel, deixando uma margem de 1 cm em relação às bordas da folha, quais as dimensões mínimas, em centímetros, que essa folha deverá ter?


","        2,9 cm × 3,4 cm.      ","        3,9 cm × 4,4 cm.      ",        20 cm × 25 cm.      ,        21 cm × 26 cm.      ,        192 cm × 242 cm.      ,D,enem-data/enem-2009/155-images/context_img_0.png
21,163,"


Segundo as regras da Fórmula 1, o peso mínimo do carro, de tanque vazio, com o piloto, é de 605 kg, e a gasolina deve ter densidade entre 725 e 780 gramas por litro. Entre os circuitos nos quais ocorrem competições dessa categoria, o mais longo é Spa-Francorchamps, na Bélgica, cujo traçado tem 7 km de extensão. O consumo médio de um carro da Fórmula 1 é de 75 litros para cada 100 km.



","


Suponha que um piloto de uma equipe específica, que utiliza um tipo de gasolina com densidade de 750 g/L, esteja no circuito de Spa-Francorchamps, parado no box para reabastecimento. Caso ele pretenda dar mais 16 voltas, ao ser liberado para retornar à pista, seu carro deverá pesar, no mínimo,


",        617 kg.      ,        668 kg.      ,        680 kg.      ,        689 kg.      ,        717 kg.      ,B,
22,166,"

Doze times se inscreveram em um torneio de futebol amador. O jogo de abertura do torneio foi escolhido da seguinte forma: primeiro foram sorteados 4 times para compor o Grupo A. Em seguida, entre os times do Grupo A, foram sorteados 2 times para realizar o jogo de abertura do torneio, sendo que o primeiro deles jogaria em seu próprio campo, e o segundo seria o time visitante.


","


A quantidade total de escolhas possíveis para o Grupo A e a quantidade total de escolhas dos times do jogo de abertura podem ser calculadas através de


","        uma combinação e um arranjo, respectivamente.      ","        um arranjo e uma combinação, respectivamente.      ","        um arranjo e uma permutação, respectivamente.      ",        duas combinações.      ,        dois arranjos.      ,A,
23,162,"

Uma escola lançou uma campanha para seus alunos arrecadarem, durante 30 dias, alimentos não perecíveis para doar a uma comunidade carente da região. Vinte alunos aceitaram a tarefa e nos primeiros 10 dias trabalharam 3 horas diárias, arrecadando 12 kg de alimentos por dia. Animados com os resultados, 30 novos alunos somaram-se ao grupo, e passaram a trabalhar 4 horas por dia nos dias seguintes até o término da campanha.


","


Admitindo-se que o ritmo de coleta tenha se mantido constante, a quantidade de alimentos arrecadados ao final do prazo estipulado seria de


",        920 kg.      ,        800 kg.      ,        720 kg.      ,        600 kg.      ,        570 kg.      ,A,
24,164,"


Ao morrer, o pai de João, Pedro e José deixou como herança um terreno retangular de 3 km x 2 km que contém uma área de extração de ouro delimitada por um quarto de círculo de raio 1 km a partir do canto inferior esquerdo da propriedade. Dado o maior valor da área de extração de ouro, os irmãos acordaram em repartir a propriedade de modo que cada um ficasse com a terça parte da área de extração, conforme mostra a figura.










","


Em relação à partilha proposta, constata-se que a porcentagem da área do terreno que coube a João corresponde, aproximadamente, a
(considere  √3/3 = 0,58)


",        50%.      ,        43%      ,        37%      ,        33%      ,        19%      ,E,enem-data/enem-2009/164-images/context_img_0.png
25,173,"


A resolução das câmeras digitais modernas é dada em megapixels, unidade de medida que representa um milhão de pontos. As informações sobre cada um desses pontos são armazenadas, em geral, em 3 bytes. Porém, para evitar que as imagens ocupem muito espaço, elas são submetidas a algoritmos de compressão, que reduzem em até 95% a quantidade de bytes necessários
para armazená-las. Considere 1 KB = 1.000 bytes, 1 MB = 1.000 KB, 1 GB = 1.000 MB.



","


Utilizando uma câmera de 2.0 megapixels cujo algoritmo de compressão é de 95%, João fotografou 150 imagens para seu trabalho escolar. Se ele deseja armazená-las de modo que o espaço restante no dispositivo seja o menor espaço possível, ele deve utilizar


",        um CD de 700 MB.      ,        um pendrive de 1 GB.      ,        um HD externo de 16 GB.      ,        um memory stick de 16 MB.      ,        um cartão de memória de 64 MB.      ,E,
26,168,"


O quadro apresenta informações da área aproximada de cada bioma brasileiro.











É comum em conversas informais, ou mesmo em noticiários, o uso de múltiplos da área de um campo de futebol (com as medidas de 120 m x 90 m) para auxiliar a visualização de áreas consideradas extensas


","


Nesse caso, qual é o número de campos de futebol correspondente à área aproximada do bioma Pantanal?


",        1.400      ,        14.000      ,        140.000      ,        1.400.000      ,        14.000.000      ,E,enem-data/enem-2009/168-images/context_img_0.png
27,175,"

Joana frequenta uma academia de ginástica onde faz exercícios de musculação. O programa de Joana requer que ela faça 3 séries de exercícios em 6 aparelhos diferentes, gastando 30 segundos em cada série. No aquecimento, ela caminha durante 10 minutos na esteira e descansa durante 60 segundos para começar o primeiro exercício no primeiro aparelho. Entre uma série e outra, assim como ao mudar de aparelho, Joana descansa por 60 segundos.


","


Suponha que, em determinado dia, Joana tenha iniciado seus exercícios às 10h30min e finalizado às 11h7min. Nesse dia e nesse tempo, Joana


",        não poderia fazer sequer a metade dos exercícios e dispor dos períodos de descanso especificados em seu programa.      ,        poderia ter feito todos os exercícios e cumprido rigorosamente os períodos de descanso especificados em seu programa.      ,"        poderia ter feito todos os exercícios, mas teria de ter deixado de cumprir um dos períodos de descanso especificados em seu programa.      ","        conseguiria fazer todos os exercícios e cumpriria todos os períodos de descanso especificados em seu programa, e ainda se permitiria uma pausa de 7 min.      ",        não poderia fazer todas as 3 séries dos exercícios especificados em seu programa; em alguma dessas séries deveria ter feito uma série a menos e não deveria ter cumprido um dos períodos de descanso.      ,B,
28,170,"


Uma fábrica produz velas de parafina em forma de pirâmide quadrangular regular com 19 cm de altura e 6 cm de aresta da base. Essas velas são formadas por 4 blocos de mesma altura — 3 troncos de pirâmide de bases paralelas e 1 pirâmide na parte superior —, espaçados de 1 cm entre eles, sendo que a base superior de cada bloco é igual à base inferior do bloco sobreposto, com uma haste de ferro passando pelo centro de cada bloco, unindo-os, conforme a figura.










","


Se o dono da fábrica resolver diversificar o modelo, retirando a pirâmide da parte superior, que tem 1,5 cm de aresta na base, mas mantendo o mesmo molde, quanto ele passará a gastar com parafina para fabricar uma vela?


",        156 cm³.      ,        189 cm³.      ,        192 cm³.      ,        216 cm³.      ,        540 cm³.      ,B,enem-data/enem-2009/170-images/context_img_0.png
29,167,"


Na tabela, são apresentados dados da cotação mensal do ovo extra branco vendido no atacado, em Brasília, em reais, por caixa de 30 dúzias de ovos, em alguns meses dos anos 2007 e 2008.










","


De acordo com esses dados, o valor da mediana das cotações mensais do ovo extra branco nesse período era igual a


","        R$ 73,10.      ","        R$ 81,50.      ","        R$ 82,00.      ","        R$ 83,00.      ","        R$ 85,30.      ",D,enem-data/enem-2009/167-images/context_img_0.png
30,171,"


A população brasileira sabe, pelo menos intuitivamente, que a probabilidade de acertar as seis dezenas da mega sena não é zero, mas é quase. Mesmo assim, milhões de pessoas são atraídas por essa loteria, especialmente quando o prêmio se acumula em valores altos. Até junho de 2009, cada aposta de seis dezenas, pertencentes ao conjunto {01, 02, 03, …, 59, 60}, custava R$ 1,50.

Disponível em: www.caixa.gov.br. Acesso em: 7 jul. 2009.




Considere que uma pessoa decida apostar exatamente R$ 126,00 e que esteja mais interessada em acertar apenas cinco das seis dezenas da mega sena, justamente pela dificuldade desta última.


","


Nesse caso, é melhor que essa pessoa faça 84 apostas de seis dezenas diferentes, que não tenham cinco números em comum, do que uma única aposta com nove dezenas, porque a probabilidade de acertar a quina no segundo caso em relação ao primeiro é, aproximadamente,


",        1 1/2 vez menor.      ,        2 1/2 vezes menor.      ,        4 vezes menor.      ,        9 vezes menor.      ,        14 vezes menor.      ,C,
31,169,"


A vazão do rio Tietê, em São Paulo, constitui preocupação constante nos períodos chuvosos. Em alguns trechos, são construídas canaletas para controlar o fluxo de água. Uma dessas canaletas, cujo corte vertical determina a forma de um trapézio isósceles, tem as medidas especificadas na figura I. Neste caso, a vazão da água é de 1.050 m³/s. O cálculo da vazão, Q em m³/s, envolve o produto da área A do setor transversal (por onde passa a água), em m², pela velocidade da água no local, v, em m/s, ou seja, Q = Av.
Planeja-se uma reforma na canaleta, com as dimensões especificadas na figura II, para evitar a ocorrência de enchentes.










","


Na suposição de que a velocidade da água não se alterará, qual a vazão esperada para depois da reforma na canaleta?


",        90 m³/s.      ,        750 m³/s.      ,        1.050 m³/s.      ,        1.512 m³/s.      ,        2.009 m³/s.      ,D,enem-data/enem-2009/169-images/context_img_0.png
32,159,"


Um experimento consiste em colocar certa quantidade de bolas de vidro idênticas em um copo com água até certo nível e medir o nível da água, conforme ilustrado na figura a seguir. Como resultado do experimento, concluiu-se que o nível da água é função do número de bolas de vidro que são colocadas dentro do copo.











O quadro a seguir mostra alguns resultados do experimento realizado.









","


Qual a expressão algébrica que permite calcular o nível da água (y) em função do número de bolas (x)?


",        y = 30x.      ,"        y = 25x + 20,2.      ","        y = 1,27x.      ","        y = 0,7x.      ","        y = 0,07x + 6.      ",E,"enem-data/enem-2009/159-images/context_img_0.png,enem-data/enem-2009/159-images/context_img_1.png"
33,174,"


Considere um ponto P em uma circunferência de raio r no plano cartesiano. Seja Q a projeção ortogonal de P sobre o eixo x, como mostra a figura, e suponha que o ponto P percorra, no sentido anti-horário, uma distância d ≤ r sobre a circunferência.










","


Então, o ponto Q percorrerá, no eixo x, uma distância dada por


",        r( 1 - sen d/r ).      ,        r( 1 - cos d/r ).      ,        r( 1 - tag d/r ).      ,        rsen (r/d).      ,        rcos (r/d).      ,B,enem-data/enem-2009/174-images/context_img_0.png
34,179,"


Um médico está estudando um novo medicamento que combate um tipo de câncer em estágios avançados. Porém, devido ao forte efeito dos seus componentes, a cada dose administrada há uma chance de 10% de que o paciente sofra algum dos efeitos colaterais observados no estudo, tais como dores de cabeça, vômitos ou mesmo agravamento dos sintomas da doença. O médico oferece tratamentos compostos por 3, 4, 6, 8 ou 10 doses do medicamento, de acordo com o risco que o paciente pretende assumir.



","


Se um paciente considera aceitável um risco de até 35% de chances de que ocorra algum dos efeitos colaterais durante o tratamento, qual é o maior número admissível de doses para esse paciente?


",        3 doses.      ,        4 doses.      ,        6 doses.      ,        8 doses.      ,        10 doses.      ,B,
35,176,"


O Indicador do CadÚnico (ICadÚnico), que compõe o cálculo do Índice de Gestão Descentralizada do Programa Bolsa Família (IGD), é obtido por meio da média aritmética entre a taxa de cobertura qualificada de cadastros (TC) e a taxa de atualização de cadastros (TA), em que, TC= NV/NF, TA= NA/NV, NV é o número de cadastros domiciliares válidos no perfil do CadÚnico, NF é o número de famílias estimadas como público alvo do CadÚnico e NA é o número de cadastros domiciliares atualizados no perfil do CadÚnico.

Portaria n° 148 de 27 de abril de 2006 (adaptado).



","


Suponha que o IcadÚnico de um município específico é 0,6. Porém, dobrando NF o IcadÚnico cairá para 0,5. Se NA + NV = 3.600, então NF é igual a


",        10.000.      ,        7.500.      ,        5.000.      ,        4.500.      ,        3.000.      ,C,
36,149,"


Em Florença, Itália, na Igreja de Santa Croce, é possível encontrar um portão em que aparecem os anéis de Borromeo. Alguns historiadores acreditavam que os círculos representavam as três artes: escultura, pintura e arquitetura, pois elas eram tão próximas quanto inseparáveis.










","


Qual dos esboços a seguir melhor representa os anéis de Borromeo?


",enem-data/enem-2009/149-images/alt_img_0.png,enem-data/enem-2009/149-images/alt_img_1.png,enem-data/enem-2009/149-images/alt_img_2.png,enem-data/enem-2009/149-images/alt_img_3.png,enem-data/enem-2009/149-images/alt_img_4.png,E,enem-data/enem-2009/149-images/context_img_0.png
37,178,"

Um artesão construiu peças de artesanato interceptando uma pirâmide de base quadrada com um plano. Após fazer um estudo das diferentes peças que poderia obter, ele concluiu que uma delas poderia ter uma das faces pentagonal.


","


Qual dos argumentos a seguir justifica a conclusão do artesão?


","        Uma pirâmide de base quadrada tem 4 arestas laterais e a interseção de um plano com a pirâmide intercepta suas arestas laterais. Assim, esses pontos formam um polígono de 4 lados.      ","        Uma pirâmide de base quadrada tem 4 faces triangulares e, quando um plano intercepta essa pirâmide, divide cada face em um triângulo e um trapézio. Logo, um dos polígonos tem 4 lados.      ","        Uma pirâmide de base quadrada tem 5 faces e a interseção de uma face com um plano é um segmento de reta. Assim, se o plano interceptar todas as faces, o polígono obtido nessa interseção tem 5 lados.      ","        O número de lados de qualquer polígono obtido como interseção de uma pirâmide com um plano é igual ao número de faces da pirâmide. Como a pirâmide tem 5 faces, o polígono tem 5 lados.      ","        O número de lados de qualquer polígono obtido interceptando-se uma pirâmide por um plano é igual ao número de arestas laterais da pirâmide. Como a pirâmide tem 4 arestas laterais, o polígono tem 4 lados.      ",C,
38,172,"


Nos últimos anos, o volume de petróleo exportado pelo Brasil tem mostrado expressiva tendência de crescimento, ultrapassando as importações em 2008. Entretanto, apesar de as importações terem se mantido praticamente no mesmo patamar desde 2001, os recursos gerados com as exportações ainda são inferiores àqueles despendidos com as importações, uma vez que o preço médio por metro cúbico do petróleo importado é superior ao do petróleo nacional. Nos primeiros cinco meses de 2009, foram gastos 2,84 bilhões de dólares com importações e gerada uma receita de 2,24 bilhões de dólares com as exportações. O preço médio por metro cúbico em maio de 2009 foi de 340 dólares para o petróleo importado e de 230 dólares para o petróleo exportado. O quadro a seguir mostra os dados consolidados de 2001 a 2008 e dos primeiros cinco meses de 2009.











Considere que as importações e exportações de petróleo de junho a dezembro de 2009 sejam iguais a 7/5 das
importações e exportações, respectivamente, ocorridas de janeiro a maio de 2009.


","


Nesse caso, supondo que os preços para importação e exportação não sofram alterações, qual seria o valor mais aproximado da diferença entre os recursos despendidos com as importações e os recursos gerados com as exportações em 2009?


",        600 milhões de dólares.      ,        840 milhões de dólares.      ,"        1,34 bilhão de dólares.      ","        1,44 bilhão de dólares.      ","        2,00 bilhões de dólares.      ",C,enem-data/enem-2009/172-images/context_img_0.png
39,177,"

João deve 12 parcelas de R$ 150,00 referentes ao cheque especial de seu banco e cinco parcelas de R$ 80,00 referentes ao cartão de crédito. O gerente do banco lhe ofereceu duas parcelas de desconto no cheque especial, caso João quitasse esta dívida imediatamente ou, na mesma condição, isto é, quitação imediata, com 25% de desconto na dívida do cartão. João também poderia renegociar suas dívidas em 18 parcelas mensais de R$ 125,00. Sabendo desses termos, José, amigo de João, ofereceu-lhe emprestar o dinheiro que julgasse necessário pelo tempo de 18 meses, com juros de 25% sobre o total emprestado.


","


A opção que dá a João o menor gasto seria


",        renegociar suas dívidas com o banco.      ,        pegar emprestado de José o dinheiro referente à quitação das duas dívidas.      ,        recusar o empréstimo de José e pagar todas as parcelas pendentes nos devidos prazos.      ,        pegar emprestado de José o dinheiro referente à quitação do cheque especial e pagar as parcelas do cartão de crédito.      ,        pegar emprestado de José o dinheiro referente à quitação do cartão de crédito e pagar as parcelas do cheque especial.      ,E,
40,180,"


A cisterna é um recipiente utilizado para armazenar água da chuva. Os principais critérios a serem observados para captação e armazenagem de água da chuva são: a demanda diária de água na propriedade; o índice médio de precipitação (chuva), por região, em cada período do ano; o tempo necessário para armazenagem; e a área de telhado necessária ou disponível para captação. Para fazer o cálculo do volume de uma cisterna, deve-se acrescentar um adicional relativo ao coeficiente de evaporação. Na dificuldade em se estabelecer um coeficiente confiável, a Empresa Brasileira de Pesquisa Agropecuária (EMBRAPA) sugere que sejam adicionados 10% ao volume calculado de água.
Desse modo, o volume, em m³, de uma cisterna é calculado por Vc = Vd × Ndia, em que Vd = volume de demanda da água diária (m³), Ndia = número de dias de armazenagem, e este resultado deve ser acrescido de 10%.
Para melhorar a qualidade da água, recomenda-se que a captação seja feita somente nos telhados das edificações.
Considerando que a precipitação de chuva de 1 mm sobre uma área de 1 m²
produz 1 litro de água, pode-se calcular a área de um telhado a fim de atender a
necessidade de armazenagem da seguinte maneira: área do telhado (em m²) = volume da cisterna (em litros)/precipitação.

Disponível em: www.cnpsa.embrapa.br.
Acesso em: 8 jun. 2009 (adaptado).



","


Para atender a uma demanda diária de 2.000 litros de água, com período de armazenagem de 15 dias e precipitação média de 110 mm, o telhado, retangular, deverá ter as dimensões mínimas de


","        6 metros por 5 metros, pois assim teria uma área de 30 m² .      ","        15 metros por 20 metros, pois assim teria uma área de 300 m² .      ","        50 metros por 60 metros, pois assim teria uma área de 3.000 m² .      ","        91 metros por 30 metros, pois assim teria uma área de 2.730 m² .      ","        110 metros por 30 metros, pois assim teria uma área de 3.300 m² .      ",B,
