,number,context,question,A,B,C,D,E,answer,context-images
0,2,"


Mas uma coisa ouso afirmar, porque há muitos testemunhos, e é que vi nesta terra de Veragua [Panamá] maiores indícios de ouro nos dois primeiros dias do que na Hispaniola em quatro anos, e que as terras da região não podem ser mais bonitas nem mais bem lavradas. Ali, se quiserem podem mandar extrair à vontade.



Carta de Colombo aos reis da Espanha, julho de 1503. Apud AMADO, J.; FIGUEIREDO, L. C. Colombo e a América: quinhentos anos depois. São Paulo: Atual, 1991 (adaptado).






","




O documento permite identificar um interesse econômico espanhol na colonização da América a partir do século XV. A implicação desse interesse na ocupação do espaço americano está indicada na




",        expulsão dos indígenas para fortalecer o clero católico.      ,        promoção das guerras justas para conquistar o território.      ,        imposição da catequese para explorar o trabalho africano.      ,        opção pela policultura para garantir o povoamento ibérico.      ,        fundação de cidades para controlar a circulação de riquezas.      ,E,
1,3,"


Que é ilegal a faculdade que se atribui à autoridade real para suspender as leis ou seu cumprimento.
Que é ilegal toda cobrança de impostos para a Coroa sem o concurso do Parlamento, sob pretexto de prerrogativa, ou em época e modo diferentes dos designados por ele próprio.
Que é indispensável convocar com frequência os Parlamentos para satisfazer os agravos, assim como para corrigir, afirmar e conservar leis.



Declaração de Direitos. Disponível em: http://disciplinas.stoa.usp.br Acesso em: 20 dez. 2011 (adaptado).






","




No documento de 1689, identifica-se uma particularidade da Inglaterra diante dos demais Estados europeus na Época Moderna. A peculiaridade inglesa e o regime político que predominavam na Europa continental estão indicados, respectivamente, em:




",        Redução da influência do papa – Teocracia.      ,        Limitação do poder do soberano – Absolutismo.      ,        Ampliação da dominação da nobreza – República.      ,        Expansão da força do presidente – Parlamentarismo.      ,        Restrição da competência do congresso – Presidencialismo.      ,B,
2,1,"


Na regulação de matérias culturalmente delicadas, como, por exemplo, a linguagem oficial, os currículos da educação pública, o status das Igrejas e das comunidades religiosas, as normas do direito penal (por exemplo, quanto ao aborto), mas também em assuntos menos chamativos, como, por exemplo, a posição da família e dos consórcios semelhantes ao matrimônio, a aceitação de normas de segurança ou a delimitação das esferas pública e privada — em tudo isso reflete-se amiúde apenas o autoentendimento ético-político de uma cultura majoritária, dominante por motivos históricos. Por causa de tais regras, implicitamente repressivas, mesmo dentro de uma comunidade republicana que garanta formalmente a igualdade de direitos para todos, pode eclodir um conflito cultural movido pelas minorias desprezadas contra a cultura da maioria.

HABERMAS, J. A inclusão do outro: estudos de teoria política. São Paulo: Loyola, 2002.



","


A reivindicação dos direitos culturais das minorias, como exposto por Habermas, encontra amparo nas democracias contemporâneas, na medida em que se alcança


","        a secessão, pela qual a minoria discriminada obteria a igualdade de direitos na condição da sua concentração espacial, num tipo de independência nacional.      ","        a reunificação da sociedade que se encontra fragmentada em grupos de diferentes comunidades étnicas, confissões religiosas e formas de vida, em torno da coesão de uma cultura política nacional.      ","        a coexistência das diferenças, considerando a possibilidade de os discursos de autoentendimento se submeterem ao debate público, cientes de que estarão vinculados à coerção do melhor argumento.      ","        a autonomia dos indivíduos que, ao chegarem à vida adulta, tenham condições de se libertar das tradições de suas origens em nome da harmonia da política nacional.      ","        o desaparecimento de quaisquer limitações, tais como linguagem política ou distintas convenções de comportamento, para compor a arena política a ser compartilhada.      ",C,
3,9,"


Torna-se claro que quem descobriu a África no Brasil, muito antes dos europeus, foram os próprios africanos trazidos como escravos. E esta descoberta não se restringia apenas ao reino linguístico, estendia-se também a outras áreas culturais, inclusive à da religião. Há razões para pensar que os africanos, quando misturados e transportados ao Brasil, não demoraram em perceber a existência entre si de elos culturais mais profundos.

SLENES, R. Malungu, ngoma vem! África coberta e descoberta do Brasil. Revista USP, n. 12, dez./jan./fev. 1991-92 (adaptado).



","




Com base no texto, ao favorecer o contato de indivíduos de diferentes partes da África, a experiência da escravidão no Brasil tornou possível a




",        formação de uma identidade cultural afro-brasileira.      ,        superação de aspectos culturais africanos por antigas tradições europeias.      ,        reprodução de conflitos entre grupos étnicos africanos.      ,        manutenção das características culturais específicas de cada etnia.      ,        resistência à incorporação de elementos culturais indígenas.      ,A,
4,4,"


Em um engenho sois imitadores de Cristo crucificado porque padeceis em um modo muito semelhante o que o mesmo Senhor padeceu na sua cruz e em toda a sua paixão. A sua cruz foi composta de dois madeiros, e a vossa em um engenho é de três. Também ali não faltaram as canas, porque duas vezes entraram na Paixão: uma vez servindo para o cetro de escárnio, e outra vez para a esponja em que lhe deram o fel. A Paixão de Cristo parte foi de noite sem dormir, parte foi de dia sem descansar, e tais são as vossas noites e os vossos dias. Cristo despido, e vós despidos; Cristo sem comer, e vós famintos; Cristo em tudo maltratado, e vós maltratados em tudo. Os ferros, as prisões, os açoites, as chagas, os nomes afrontosos, de tudo isto se compõe a vossa imitação, que, se for acompanhada de paciência, também terá merecimento de martírio.



VIEIRA, A. Sermões. Tomo XI. Porto: Lello & Irmão, 1951 (adaptado).






","




O trecho do sermão do Padre Antônio Vieira estabelece uma relação entre a Paixão de Cristo e




",        a atividade dos comerciantes de açúcar nos portos brasileiros.      ,        a função dos mestres de açúcar durante a safra de cana.      ,        o sofrimento dos jesuítas na conversão dos ameríndios.      ,        o papel dos senhores na administração dos engenhos.      ,        o trabalho dos escravos na produção de açúcar.      ,E,
5,5,"


Fugindo à luta de classes, a nossa organização sindical tem sido um instrumento de harmonia e de cooperação entre o capital e o trabalho. Não se limitou a um sindicalismo puramente “operário”, que conduziria certamente a luta contra o “patrão”, como aconteceu com outros povos.



FALCÃO, W. Cartas sindicais. In: Boletim do Ministério do Trabalho, Indústria e Comércio. Rio de Janeiro, 10 (85), set. 1941 (adaptado).






","




Nesse documento oficial, à época do Estado Novo (1937-1945), é apresentada uma concepção de organização sindical que




",        elimina os conflitos no ambiente das fábricas.      ,        limita os direitos associativos do segmento patronal.      ,        orienta a busca do consenso entre trabalhadores e patrões.      ,        proíbe o registro de estrangeiros nas entidades profissionais do país.      ,        desobriga o Estado quanto aos direitos e deveres da classe trabalhadora.      ,C,
6,6,"


O uso da água aumenta de acordo com as necessidades da população no mundo. Porém, diferentemente do que se possa imaginar, o aumento do consumo de água superou em duas vezes o crescimento populacional durante o século XX.

TEIXEIRA, W. et al. Decifrando a Terra. São Paulo: Cia. Editora Nacional, 2009.



","


Uma estratégia socioespacial que pode contribuir para alterar a lógica de uso da água apresentada no texto é a


",        ampliação de sistemas de reutilização hídrica.      ,        expansão da irrigação por aspersão das lavouras.      ,        intensificação do controle do desmatamento de florestas.      ,        adoção de técnicas tradicionais de produção.      ,        criação de incentivos fiscais para o cultivo de produtos orgânicos.      ,A,
7,11,"


É verdade que nas democracias o povo parece fazer o que quer; mas a liberdade política não consiste nisso. Deve-se ter sempre presente em mente o que é independência e o que é liberdade. A liberdade é o direito de fazer tudo o que as leis permitem; se um cidadão pudesse fazer tudo o que elas proíbem, não teria mais liberdade, porque os outros também teriam tal poder.

MONTESQUIEU. Do Espírito das Leis. São Paulo: Editora Nova Cultural, 1997 (adaptado).



","


A característica de democracia ressaltada por Montesquieu diz respeito


",        ao status de cidadania que o indivíduo adquire ao tomar as decisões por si mesmo.      ,        ao condicionamento da liberdade dos cidadãos à conformidade às leis.      ,"        à possibilidade de o cidadão participar no poder e, nesse caso, livre da submissão às leis.      ","        ao livre-arbítrio do cidadão em relação àquilo que é proibido, desde que ciente das consequências.      ",        ao direito do cidadão exercer sua vontade de acordo com seus valores pessoais.      ,B,
8,8,"


Esclarecimento é a saída do homem de sua menoridade, da qual ele próprio é culpado. A menoridade é a incapacidade de fazer uso de seu entendimento sem a direção de outro indivíduo. O homem é o próprio culpado dessa menoridade se a causa dela não se encontra na falta de entendimento, mas na falta de decisão e coragem de servir-se de si mesmo sem a direção de outrem. Tem coragem de fazer uso de teu próprio entendimento, tal é o lema do esclarecimento. A preguiça e a covardia são as causas pelas quais uma tão grande parte dos homens, depois que a natureza de há muito os libertou de uma condição estranha, continuem, no entanto, de bom grado menores durante toda a vida.

KANT, I. Resposta à pergunta: o que é esclarecimento? Petrópolis: Vozes, 1985 (adaptado).



","


Kant destaca no texto o conceito de Esclarecimento, fundamental para a compreensão do contexto filosófico da Modernidade. Esclarecimento, no sentido empregado por Kant, representa


",        a reivindicação de autonomia da capacidade racional como expressão da maioridade.      ,        o exercício da racionalidade como pressuposto menor diante das verdades eternas.      ,"         a imposição de verdades matemáticas, com caráter objetivo, de forma heterônoma.      ",        a compreensão de verdades religiosas que libertam o homem da falta de entendimento.      ,         a emancipação da subjetividade humana de ideologias produzidas pela própria razão.      ,A,
9,10,"


Nós nos recusamos a acreditar que o banco da justiça é falível. Nós nos recusamos a acreditar que há capitais insuficientes de oportunidade nesta nação. Assim nós viemos trocar este cheque, um cheque que nos dará o direito de reclamar as riquezas de liberdade e a segurança da justiça.



KING Jr., M. L. Eu tenho um sonho, 28 ago. 1963. Disponível em: www.palmares.gov.br. Acesso em: 30 nov. 2011 (adaptado).






","




O cenário vivenciado pela população negra, no sul dos Estados Unidos nos anos 1950, conduziu à mobilização social. Nessa época, surgiram reivindicações que tinham como expoente Martin Luther King e objetivavam




",        a conquista de direitos civis para a população negra.      ,        o apoio aos atos violentos patrocinados pelos negros em espaço urbano.      ,        a supremacia das instituições religiosas em meio à comunidade negra sulista.      ,        a incorporação dos negros no mercado de trabalho.      ,        a aceitação da cultura negra como representante do modo de vida americano.      ,A,
10,13,"


Texto I
O que vemos no país é uma espécie de espraiamento e a manifestação da agressividade através da violência. Isso se desdobra de maneira evidente na criminalidade, que está presente em todos os redutos — seja nas áreas abandonadas pelo poder público, seja na política ou no futebol. O brasileiro não é mais violento do que outros povos, mas a fragilidade do exercício e do reconhecimento da cidadania e a ausência do Estado em vários territórios do país se impõem como um caldo de cultura no qual a agressividade e a violência fincam suas raízes.

Entrevista com Joel Birman. A Corrupção é um crime sem rosto. IstoÉ. Edição 2099, 3 fev. 2010.





Texto II
Nenhuma sociedade pode sobreviver sem canalizar as pulsões e emoções do indivíduo, sem um controle muito específico de seu comportamento. Nenhum controle desse tipo é possível sem que as pessoas anteponham limitações umas às outras, e todas as limitações são convertidas, na pessoa a quem são impostas, em medo de um ou outro tipo.

ELIAS, N. O Processo Civilizador. Rio de Janeiro: Jorge Zahar, 1993.



","




Considerando-se a dinâmica do processo civilizador, tal como descrito no Texto II, o argumento do Texto I acerca da violência e agressividade na sociedade brasileira expressa a




",        incompatibilidade entre os modos democráticos de convívio social e a presença de aparatos de controle policial.      ,        manutenção de práticas repressivas herdadas dos períodos ditatoriais sob a forma de leis e atos administrativos.      ,        inabilidade das forças militares em conter a violência decorrente das ondas migratórias nas grandes cidades brasileiras.      ,        dificuldade histórica da sociedade brasileira em institucionalizar formas de controle social compatíveis com valores democráticos.      ,        incapacidade das instituições político-legislativas em formular mecanismos de controle social específicos à realidade social brasileira.      ,D,
11,16,"


Nossa cultura lipofóbica muito contribui para a distorção da imagem corporal, gerando gordos que se veem magros e magros que se veem gordos, numa quase unanimidade de que todos se sentem ou se veem “distorcidos”. Engordamos quando somos gulosos. É pecado da gula que controla a relação do homem com a balança. Todo obeso declarou, um dia, guerra à balança. Para emagrecer é preciso fazer as pazes com a dita cuja, visando adequar-se às necessidades para as quais ela aponta.

FREIRE, D. S. Obesidade não pode ser pré-requisito. Disponível em: http//gnt.globo.com. Acesso em: 3 abr. 2012 (adaptado).



","


O texto apresenta um discurso de disciplinarização dos corpos, que tem como consequência


","         a ampliação dos tratamentos médicos alternativos, reduzindo os gastos com remédios.      ","        a democratização do padrão de beleza, tornando-o acessível pelo esforço individual.      ","        o controle do consumo, impulsionando uma crise econômica na indústria de alimentos.      ","        a culpabilização individual, associando obesidade à fraqueza de caráter.      ","        o aumento da longevidade, resultando no crescimento populacional.      ",D,
12,12,"










Lord Willingdon’s Dilemma (Disponível em: www.gandhiserve.org. Acesso em: 21 nov.2011.)



","




O cartum, publicado em 1932, ironiza as consequências sociais das constantes prisões de Mahatma Gandhi pelas autoridades britânicas, na Índia, demonstrando




",        a ineficiência do sistema judiciário inglês no território indiano.      ,        o apoio da população hindu à prisão de Gandhi.      ,        o caráter violento das manifestações hindus frente à ação inglesa.      ,        a impossibilidade de deter o movimento liderado por Gandhi.       ,        a indiferença das autoridades britânicas frente ao apelo popular hindu.      ,D,enem-data/enem-2012/12-images/context_img_0.png
13,7,"










Charge anônima. BURKE, P. A fabricação do rei. Rio de Janeiro: Zahar, 1994. (Foto: Enem)



","




Na França, o rei Luís XIV teve sua imagem fabricada por um conjunto de estratégias que visavam sedimentar uma determinada noção de soberania. Neste sentido, a charge apresentada demonstra




","        a humanidade do rei, pois retrata um homem comum, sem os adornos próprios à vestimenta real.      ","        a unidade entre o público e o privado, pois a figura do rei com a vestimenta real representa o público e sem a vestimenta real, o privado.      ","        o vínculo entre monarquia e povo, pois leva ao conhecimento do público a figura de um rei  despretensioso e distante do poder político.      ","        o gosto estético refinado do rei, pois evidencia a elegância dos trajes reais em relação aos de outros membros da corte.      ","        a importância da vestimenta para a constituição simbólica do rei, pois o corpo político adornado esconde os defeitos do corpo pessoal.      ",E,enem-data/enem-2012/7-images/context_img_0.png
14,15,"










Foto de Jovens em protesto contra a Guerra do Vietnã. Disponível em: http://goldenyears66to69.blogspot.com. Acesso em: 10 out. 2011.







Texto do Cartaz: “Amor e não guerra”





","




Nos anos que se seguiram à Segunda Guerra, movimentos como o Maio de 1968 ou a campanha contra a Guerra do Vietnã culminaram no estabelecimento de diferentes formas de participação política. Seus slogans, tais como “Quando penso em revolução quero fazer amor”, se tornaram símbolos da agitação cultural nos anos 1960, cuja inovação relacionava-se




","        à contestação da crise econômica europeia, que fora provocada pela manutenção das guerras coloniais.      ","        à organização partidária da juventude comunista, visando o estabelecimento da ditadura do proletariado.      ","        à unificação das noções de libertação social e libertação individual, fornecendo um significado político ao uso do corpo.      ","        à defesa do amor cristão e monogâmico, com fins à reprodução, que era tomado como solução para os conflitos sociais.      ","        ao reconhecimento da cultura das gerações passadas, que conviveram com a emergência do rock e outras mudanças nos costumes.      ",C,enem-data/enem-2012/15-images/context_img_0.png
15,14,"










Disponível em: http://quadro-a-quadro.blog.br. Acesso em: 27 jan. 2012.





Com sua entrada no universo dos gibis, o Capitão chegaria para apaziguar a agonia, o autoritarismo militar e combater a tirania. Claro que, em tempos de guerra, um gibi de um herói com uma bandeira americana no peito aplicando um sopapo no Fürer só poderia ganhar destaque, e o sucesso não demoraria muito a chegar.

COSTA, C. Capitão América, o primeiro vingador: crítica. Disponível em: www.revistastart.com.br.
Acesso em: 27 jan. 2012 (adaptado).



","




A capa da primeira edição norte-americana da revista do Capitão América demonstra sua associação com a participação dos Estados Unidos na luta contra




","        a Tríplice Aliança, na Primeira Guerra Mundial.      ","        os regimes totalitários, na Segunda Guerra Mundial.      ","        o poder soviético, durante a Guerra Fria.      ","        o movimento comunista, na Guerra do Vietnã.      ","        o terrorismo internacional, após 11 de setembro de 2001.      ",B,enem-data/enem-2012/14-images/context_img_0.png
16,17,"


A maior parte dos veículos de transporte atualmente é movida por motores a combustão que utilizam derivados de petróleo. Por causa disso, esse setor é o maior consumidor de petróleo do mundo, com altas taxas de crescimento ao longo do tempo. Enquanto outros setores têm obtido bons resultados na redução do consumo, os transportes tendem a concentrar ainda mais o uso de derivados do óleo.

MURTA, A. Energia: o vício da civilização. Rio de Janeiro: Garamond, 2011 (adaptado).



","


Um impacto ambiental da tecnologia mais empregada pelo setor de transportes e uma medida para promover a redução do seu uso, estão indicados, respectivamente, em:


",        Aumento da poluição sonora – construção de barreiras acústicas.      ,        Incidência da chuva ácida – estatização da indústria automobilística.      ,        Derretimento das calotas polares – incentivo aos transportes de massa.      ,        Propagação de doenças respiratórias – distribuição de medicamentos gratuitos.      ,        Elevação das temperaturas médias – criminalização da emissão de gás carbônico.      ,C,
17,24,"



A singularidade da questão da terra na África Colonial é a expropriação por parte do colonizador e as desigualdades raciais no acesso à terra. Após a independência, as populações de colonos brancos tenderam a diminuir, apesar de a proporção de terra em posse da minoria branca não ter diminuído proporcionalmente.






MOYO, S. A terra africana e as questões agrárias: o caso das lutas pela terra no Zimbábue. In: FERNANDES, B. M.; MARQUES, M. I. M.; SUZUKI, J. C. (Org.). Geografia agrária: teoria e poder. São Paulo: Expressão Popular, 2007.








","



Com base no texto, uma característica socioespacial e um consequente desdobramento que marcou o processo de ocupação do espaço rural na África subsaariana foram:



",        Exploração do campesinato pela elite proprietária – Domínio das instituições fundiárias pelo poder público.      ,        Adoção de práticas discriminatórias de acesso à terra – Controle do uso especulativo da propriedade fundiária.      ,        Desorganização da economia rural de subsistência – Crescimento do consumo interno de alimentos pelas famílias camponesas.Desorganização da economia rural de subsistência – Crescimento do consumo interno de alimentos pelas famílias camponesas.      ,        Crescimento dos assentamentos rurais com mão de obra familiar – Avanço crescente das áreas rurais sobre as regiões urbanas.      ,        Concentração das áreas cultiváveis no setor agroexportador – Aumento da ocupação da população pobre em territórios agrícolas marginais.      ,E,
18,22,"


Portadora de memória, a paisagem ajuda a construir os sentimentos de pertencimento; ela cria uma atmosfera que convém aos momentos fortes da vida, às festas, às comemorações.

CLAVAL, P. Terra dos homens: a geografia. São Paulo: Contexto, 2010 (adaptado).



","


No texto, é apresentada uma forma de integração da paisagem geográfica com a vida social. Nesse sentido, a paisagem, além de existir como forma concreta, apresenta uma dimensão


",        política de apropriação efetiva do espaço.      ,        econômica de uso de recursos do espaço.      ,        privada de limitação sobre a utilização do espaço.      ,        natural de composição por elementos físicos do espaço.      ,        simbólica de relação subjetiva do indivíduo com o espaço.      ,E,
19,28,"


A soma do tempo gasto por todos os navios de carga na espera para atracar no porto de Santos é igual a 11 anos — isso, contando somente o intervalo de janeiro a outubro de 2011. O problema não foi registrado somente neste ano. Desde 2006 a perda de tempo supera uma década.







Folha de S. Paulo, 25 dez. 2011 (adaptado).










","





A situação descrita gera consequências em cadeia, tanto para a produção quanto para o transporte. No que se refere à territorialização da produção no Brasil contemporâneo, uma dessas consequências é a





",        realocação das exportações para o modal aéreo em função da rapidez.      ,        dispersão dos serviços financeiros em função da busca de novos pontos de importação.      ,        redução da exportação de gêneros agrícolas em função da dificuldade para o escoamento.      ,        priorização do comércio com países vizinhos em função da existência de fronteiras terrestres.      ,        estagnação da indústria de alta tecnologia em função da concentração de investimentos na infraestrutura de circulação.      ,C,
20,21,"


Após o retorno de uma viagem a Minas Gerais, onde Pedro I fora recebido com grande frieza, seus partidários prepararam uma série de manifestações a favor do imperador no Rio de Janeiro, armando fogueiras e luminárias na cidade. Contudo, na noite de 11 de março, tiveram início os conflitos que ficaram conhecidos como a Noite das Garrafadas, durante os quais os “brasileiros”apagavam as fogueiras “portuguesas” e atacavam as casas iluminadas, sendo respondidos com cacos de garrafas jogadas das janelas.



VAINFAS, R. (Org.). Dicionário do Brasil Imperial. Rio de Janeiro: Objetiva, 2008 (adaptado).






","




Os anos finais do I Reinado (1822-1831) se caracterizaram pelo aumento da tensão política. Nesse sentido, a análise dos episódios descritos em Minas Gerais e no Rio de Janeiro revela




",        estímulos ao racismo.      ,        apoio ao xenofobismo.      ,        críticas ao federalismo.      ,        repúdio ao republicanismo.      ,        questionamentos ao autoritarismo.      ,E,
21,18,"


As mulheres quebradeiras de coco-babaçu dos Estados do Maranhão, Piauí, Pará e Tocantins, na sua grande maioria, vivem numa situação de exclusão e subalternidade. O termo quebradeira de coco assume o caráter de identidade coletiva na medida em que as mulheres que sobrevivem dessa atividade e reconhecem sua posição e condição desvalorizada pela lógica da dominação, se organizam em movimentos de resistência e de luta pela conquista da terra, pela libertação dos babaçuais, pela autonomia do processo produtivo. Passam a atribuir significados ao seu trabalho e as suas experiências, tendo como principal referência sua condição preexistente de acesso e uso dos recursos naturais.

ROCHA, M. R. T. A luta das mulheres quebradeiras de coco-babaçu, pela libertação do coco preso e pela posse da terra. In: Anais do VII Congresso Latino-Americano de Sociologia Rural, Quito, 2006 (adaptado).



","


A organização do movimento das quebradeiras de coco de babaçu é resultante da


","        constante violência nos babaçuais na confluência de terras maranhenses, piauienses, paraenses e tocantinenses, região com elevado índice de homicídios.      ","        falta de identidade coletiva das trabalhadoras, migrantes das cidades e com pouco vínculo histórico com as áreas rurais do interior do Tocantins, Pará, Maranhão e Piauí.      ","        escassez de água nas regiões de veredas, ambientes naturais dos babaçus, causada pela construção de açudes particulares, impedindo o amplo acesso público aos recursos hídricos.      ","        progressiva devastação das matas dos cocais, em função do avanço da sojicultura nos chapadões do Meio-Norte brasileiro.      ",        dificuldade imposta pelos fazendeiros e posseiros no acesso aos babaçuais localizados no interior de suas propriedades.      ,E,
22,25,"


Texto I
A Europa entrou em estado de exceção, personificado por obscuras forças econômicas sem rosto ou localização física conhecida que não prestam contas a ninguém e se espalham pelo globo por meio de milhões de transações diárias no ciberespaço.



ROSSI, C. Nem fim do mundo nem mundo novo. Folha de São Paulo, 11 dez. 2011 (adaptado).








Texto II
Estamos imersos numa crise financeira como nunca tínhamos visto desde a Grande Depressão iniciada em 1929 nos Estados Unidos.





Entrevista de George Soros. Disponível em: www.nybooks.com. Acesso em: 17 ago. 2011 (adaptado).








","



A comparação entre os significados da atual crise econômica e do crash de 1929 oculta a principal diferença entre essas duas crises, pois:



",        o crash da Bolsa em 1929 adveio do envolvimento dos EUA na I Guerra Mundial e a atual crise é o resultado dos gastos militares desse país nas guerras do Afeganistão e Iraque.      ,        a crise de 1929 ocorreu devido a um quadro de superprodução industrial nos EUA e a atual crise resultou da especulação financeira e da expansão desmedida do crédito bancário.      ,        a crise de 1929 foi o resultado da concorrência dos países europeus reconstruídos após a I Guerra e a atual crise se associa à emergência dos BRICS como novos concorrentes econômicos.      ,        o crash da Bolsa em 1929 resultou do excesso de proteções ao setor produtivo estadunidense e a atual crise tem origem na internacionalização das empresas e no avanço da política de livre mercado.      ,        a crise de 1929 decorreu da política intervencionista norte-americana sobre o sistema de comércio mundial e a atual crise resultou do excesso de regulação do governo desse país sobre o sistema monetário.      ,B,
23,27,"


O que o projeto governamental tem em vista é poupar à Nação o prejuízo irreparável do perecimento e da evasão do que há de mais precioso no seu patrimônio. Grande parte das obras de arte até mais valiosas e dos bens de maior interesse histórico, de que a coletividade brasileira era depositária, têm desaparecido ou se arruinado irremediavelmente. As obras de arte típicas e as relíquias da história de cada país não constituem o seu patrimônio privado, e sim um patrimônio comum de todos os povos.



ANDRADE, R. M. F. Defesa do patrimônio artístico e histórico. O Jornal, 30 out. 1936. In: ALVES FILHO, I. Brasil, 500 anos em documentos. Rio de Janeiro: Mauad, 1999 (adaptado).






","




A criação no Brasil do Serviço do Patrimônio Histórico Artístico Nacional (SPHAN), em 1937, foi orientada por ideias como as descritas no texto, que visavam




","        submeter a memória e o patrimônio nacional ao controle dos órgãos públicos, de acordo com a tendência autoritária do Estado Novo.      ","        transferir para a iniciativa privada a responsabilidade de preservação do patrimônio nacional, por meio de leis de incentivo fiscal.      ","        definir os fatos e personagens históricos a serem cultuados pela sociedade brasileira, de acordo com o interesse público.      ","        resguardar da destruição as obras representativas da cultura nacional, por meio de políticas públicas preservacionistas.      ","        determinar as responsabilidades pela destruição do patrimônio nacional, de acordo com a  legislação brasileira.      ",D,
24,19,"


Diante dessas inconsistências e de outras que ainda preocupam a opinião pública, nós, jornalistas, estamos encaminhando este documento ao Sindicato dos Jornalistas Profissionais no Estado de São Paulo, para que o entregue à Justiça; e da Justiça esperamos a realização de novas diligências capazes de levar à completa elucidação desses fatos e de outros que porventura vierem a ser levantados.



Em nome da verdade. In: O Estado de São Paulo, 3 fev. 1976. Apud. FILHO, I. A. Brasil, 500 anos em documentos. Rio de Janeiro: Mauad, 1999.






","




A morte do jornalista Vladimir Herzog, ocorrida durante o regime militar, em 1975, levou a medidas como o abaixo-assinado feito por profissionais da imprensa de São Paulo. A análise dessa medida tomada indica a




",        certeza do cumprimento das leis.      ,        superação do governo de exceção.      ,        violência dos terroristas de esquerda.      ,        punição dos torturadores da polícia.      ,        expectativa da investigação dos culpados.      ,E,
25,29,"


Minha vida é andar
Por esse país
Pra ver se um dia
Descanso feliz
Guardando as recordações
Das terras onde passei
Andando pelos sertões
E dos amigos que lá deixei

GONZAGA, L.; CORDOVIL. H. A vida de viajante, 1953. Disponível em: www.recife.pe.gov.br. Acesso em: 20 fev. 2012 (fragmento).



","


A letra dessa canção reflete elementos identitários que representam a


",        valorização das características naturais do Sertão nordestino.      ,        denúncia da precariedade social provocada pela seca.      ,        experiência de deslocamento vivenciada pelo migrante.      ,        profunda desigualdade social entre as regiões brasileiras.      ,        discriminação dos nordestinos nos grandes centros urbanos.      ,C,
26,33,"


Para Platão, o que havia de verdadeiro em Parmênides era que o objeto de conhecimento é um objeto de razão e não de sensação, e era preciso estabelecer uma relação entre objeto racional e objeto sensível ou material que privilegiasse o primeiro em detrimento do segundo. Lenta, mas irresistivelmente, a Doutrina das Ideias formava-se em sua mente.

ZINGANO, M. Platão e Aristóteles: o fascínio da filosofia. São Paulo: Odysseus, 2012 (adaptado).



","


O texto faz referência à relação entre razão e sensação, um aspecto essencial da Doutrina das Ideias de Platão (427 a.C.-346 a.C.). De acordo com o texto, como Platão se situa diante dessa relação?


",        Estabelecendo um abismo intransponível entre as duas.      ,        Privilegiando os sentidos e subordinando o conhecimento a eles.      ,         Atendo-se à posição de Parmênides de que razão e sensação são inseparáveis.      ,"        Afirmando que a razão é capaz de gerar conhecimento, mas a sensação não.      ",        Rejeitando a posição de Parmênides de que a sensação é superior à razão.      ,D,
27,20,"












Disponível em: www.metmuseum.org. Acesso em: 14 set. 2011. (Foto: Enem)






","




A figura apresentada é de um mosaico, produzido por volta do ano 300 d.C., encontrado na cidade de Lod, atual Estado de Israel. Nela, encontram-se elementos que representam uma característica política dos romanos no período, indicada em:




",        Cruzadismo – conquista da terra santa.      ,        Patriotismo – exaltação da cultura local.      ,        Helenismo – apropriação da estética grega.      ,        Imperialismo – selvageria dos povos dominados.      ,        Expansionismo – diversidade dos territórios conquistados.      ,E,enem-data/enem-2012/20-images/context_img_0.png
28,23,"







","


Na imagem do início do século XX, identifica-se um modelo produtivo cuja forma de organização fabril baseava-se na


",        autonomia do produtor direto.      ,        adoção da divisão sexual do trabalho.      ,        exploração do trabalho repetitivo.      ,        utilização de empregados qualificados.      ,        incentivo à criatividade dos funcionários.      ,C,enem-data/enem-2012/23-images/context_img_0.png
29,30,"


Próximo da Igreja dedicada a São Gonçalo nos deparamos com uma impressionante multidão que dançava ao som de suas violas. Tão logo viram o Vice-Rei, cercaram-no e o obrigaram a dançar e pular, exercício violento e pouco apropriado tanto para sua idade quanto posição. Tivemos nós mesmos que entrar na dança, por bem ou por mal, e não deixou de ser interessante ver numa igreja padres, mulheres, frades, cavalheiros e escravos a dançar e pular misturados, e a gritar a plenos pulmões “Viva São Gonçalo do Amarante”.



Barbinais, Le Gentil. Noveau Voyage autour du monde. Apud: TINHORÃO, J. R. As festas no Brasil Colonial. São Paulo: Ed. 34, 2000 (adaptado).






","




O viajante francês, ao descrever suas impressões sobre uma festa ocorrida em Salvador, em 1717, demonstra dificuldade em entendê-la, porque, como outras manifestações religiosas do período colonial, ela




",        seguia os preceitos advindos da hierarquia católica romana.      ,        demarcava a submissão do povo à autoridade constituída.      ,        definia o pertencimento dos padres às camadas populares.      ,        afirmava um sentido comunitário de partilha da devoção.      ,        harmonizava as relações sociais entre escravos e senhores.      ,D,
30,39,"


A moderna “conquista da Amazônia” inverteu o eixo geográfico da colonização da região. Desde a época colonial até meados do século XIX, as correntes principais e população movimentaram-se no sentido Leste-Oeste, estabelecendo uma ocupação linear articulada. Nas últimas décadas, os fluxos migratórios passaram a se verificar no sentido Sul-Norte, conectando o Centro-Sul à Amazônia.

OLIC, N. B. Ocupação da Amazônia, uma epopeia inacabada. Jornal Mundo, ano 16, n. 4, ago. 2008 (adaptado).



","


O primeiro eixo geográfico de ocupação das terras amazônicas demonstra um padrão relacionado à criação de:


",        núcleos urbanos em áreas litorâneas.      ,        centros agrícolas modernos no interior.      ,        vias férreas entre espaços de mineração.      ,        faixas de povoamento ao longo das estradas.      ,        povoados interligados próximos a grandes rios.      ,E,
31,34,"


As plataformas ou crátons correspondem aos terrenos mais antigos e arrasados por muitas fases de erosão. Apresentam uma grande complexidade litológica, prevalecendo as rochas metamórficas muito antigas (Pré-Cambriano Médio e Inferior). Também ocorrem rochas intrusivas antigas e resíduos de rochas sedimentares. São três as áreas de plataforma de crátons no Brasil: a das Guianas, a Sul-Amazônica e a do São Francisco.

ROSS, J. L. S. Geografia do Brasil. São Paulo: Edusp, 1998.



","


As regiões cratônicas das Guianas e a Sul-Amazônica têm como arcabouço geológico vastas extensões de escudos cristalinos, ricos em minérios, que atraíram a ação de empresas nacionais e estrangeiras do setor de mineração e destacam-se pela sua história geológica por


","        apresentarem áreas de intrusões graníticas, ricas em jazidas minerais (ferro, manganês).      ",        corresponderem ao principal evento geológico do Cenozoico no território brasileiro.      ,"        apresentarem áreas arrasadas pela erosão, que originaram a maior planície do país.      ",        possuírem em sua extensão terrenos cristalinos ricos em reservas de petróleo e gás natural.      ,"        serem esculpidas pela ação do intemperismo físico, decorrente da variação de temperatura.      ",A,
32,40,"


A experiência que tenho de lidar com aldeias de diversas nações me tem feito ver, que nunca índio fez grande confiança de branco e, se isto sucede com os que estão já civilizados, como não sucederá o mesmo com esses que estão ainda brutos.



NORONHA, M. Carta a J. Caldeira Brant. 2 jan.1751. Apud CHAIM, M. M. Aldeamentos indígenas (Goiás: 1749-1811). São Paulo: Nobel, Brasília: INL, 1983 (adaptado).






","




Em 1749, ao separar-se de São Paulo, a capitania de Goiás foi governada por D. Marcos de Noronha, que atendeu às diretrizes da política indigenista pombalina que incentivava a criação de aldeamentos em função




","        das constantes rebeliões indígenas contra os brancos colonizadores, que ameaçavam a produção de ouro nas regiões mineradoras.      ","        da propagação de doenças originadas do contato com os colonizadores, que dizimaram boa parte da população indígena.      ","        do empenho das ordens religiosas em proteger o indígena da exploração, o que garantiu a sua supremacia na administração colonial.      ","        da política racista da Coroa Portuguesa, contrária à miscigenação, que organizava a sociedade em uma hierarquia dominada pelos brancos.      ","        da necessidade de controle dos brancos sobre a população indígena, objetivando sua adaptação às exigências do trabalho regular.      ",E,
33,37,"


A interface clima/sociedade pode ser considerada em termos de ajustamento à extensão e aos modos como as sociedades funcionam em uma relação harmônica com seu clima. O homem e suas sociedades são vulneráveis às variações climáticas. A vulnerabilidade é a medida pela qual uma sociedade é suscetível de sofrer por causas climáticas.

AYOADE, J. O. Introdução a climatologia para os trópicos. Rio de Janeiro: Bertrand Brasil, 2010 (adaptado).



","


Considerando o tipo de relação entre ser humano e condição climática apresentado no texto, uma sociedade torna-se mais vulnerável quando


",        concentra suas atividades no setor primário.      ,        apresenta estoques elevados de alimentos.      ,        possui um sistema de transportes articulado.      ,        diversifica a matriz de geração de energia.      ,        introduz tecnologias à produção agrícola.      ,A,
34,35,"


A irrigação da agricultura é responsável pelo consumo de mais de 2/3 de toda a água retirada dos rios, lagos e lençóis freáticos do mundo. Mesmo no Brasil, onde achamos que temos muita água, os agricultores que tentam produzir alimentos também enfrentam secas periódicas e uma competição crescente por água.

MARAFON, G. J. et al. O desencanto da terra: produção de alimentos, ambiente e sociedade. Rio de Janeiro: Garamond, 2011.



","


No Brasil, as técnicas de irrigação utilizadas na agricultura produziram impactos socioambientais como


",        redução do custo de produção.      ,        agravamento da poluição hídrica.      ,        compactação do material do solo.      ,        aceleração da fertilização natural.      ,        redirecionamento dos cursos fluviais.      ,E,
35,36,"


Texto I
Ao se emanciparem da tutela senhorial, muitos camponeses foram desligados legalmente da antiga terra. Deveriam pagar, para adquirir propriedade ou arrendamento. Por não possuírem recursos, engrossaram a camada cada vez maior de jornaleiros e trabalhadores volantes, outros, mesmo tendo propriedade sobre um pequeno lote, suplementavam sua existência com o assalariamento esporádico.

MACHADO, P. P. Política e colonização no Império. Porto Alegre: EdUFRGS, 1999 (adaptado).





Texto II
Com a globalização da economia ampliou-se a hegemonia do modelo de desenvolvimento agropecuário, com seus padrões tecnológicos, caracterizando o agronegócio. Essa nova face da agricultura capitalista também mudou a forma de controle e exploração da terra. Ampliou-se, assim, a ocupação de áreas agricultáveis e as fronteiras agrícolas se estenderam.

SADER, E.; JINKINGS, I. Enciclopédia Contemporânea da América Latina e do Caribe. São Paulo: Boitempo, 2006 (adaptado).



","


Os textos demonstram que, tanto na Europa do século XIX quanto no contexto latino-americano do século XXI, as alterações tecnológicas vivenciadas no campo interferem na vida das populações locais, pois


","        induzem os jovens ao estudo nas grandes cidades, causando o êxodo rural, uma vez que formados, não retornam à sua região de origem.      ","        impulsionam as populações locais a buscar linhas de financiamento estatal com o objetivo de ampliar a agricultura familiar, garantindo sua fixação no campo.      ","        ampliam o protagonismo do Estado, possibilitando a grupos econômicos ruralistas produzir e impor políticas agrícolas, ampliando o controle que tinham dos mercados.      ","        aumentam a produção e a produtividade de determinadas culturas em função da intensificação da mecanização, do uso de agrotóxicos e cultivo de plantas transgênicas.      ",        desorganizam o modo tradicional de vida impelindo-as à busca por melhores condições no espaço urbano ou em outros países em situações muitas vezes precárias.      ,E,
36,31,"







","


Na charge faz-se referência a uma modificação produtiva ocorrida na agricultura. Uma contradição presente no espaço rural brasileiro derivada dessa modificação produtiva está presente em:


","        Expansão das terras agricultáveis, com manutenção de desigualdades sociais.      ","        Modernização técnica do território, com redução do nível de emprego formal.      ","        Valorização de atividades de subsistência, com redução da produtividade da terra.      ","        Desenvolvimento de núcleos policultores, com ampliação da concentração fundiária.      ","        Melhora da qualidade dos produtos, com retração na exportação de produtos primários.      ",A,enem-data/enem-2012/31-images/context_img_0.png
37,41,"


A partir dos anos 70, impõe-se um movimento de desconcentração da produção industrial, uma das manifestações do desdobramento da divisão territorial do trabalho no Brasil. A produção industrial torna-se mais complexa, estendendo-se, sobretudo, para novas áreas do Sul e para alguns pontos do Centro-Oeste, do Nordeste e do Norte.

SANTOS, M.; SILVEIRA, M. L. O Brasil: território e sociedade no início do século XXI. Rio de Janeiro: Record, 2002 (fragmento).



","


Um fator geográfico que contribui para o tipo de alteração da configuração territorial descrito no texto é:


",        Obsolescência dos portos.      ,        Estatização de empresas.      ,        Eliminação de incentivos fiscais.      ,        Ampliação de políticas protecionistas.      ,        Desenvolvimento dos meios de comunicação.      ,E,
38,26,"










Cartaz da Revolução Constitucionalista. (Foto: Disponível em: http://veja.abril.com.br. Acesso em: 29 jun. 2012)







Elaborado pelos partidários da Revolução Constitucionalista de 1932, o cartaz apresentado pretendia mobilizar a população paulista contra o governo federal.





","




Essa mobilização utilizou-se de uma referência histórica, associando o processo revolucionário




","        à experiência francesa, expressa no chamado à luta contra a ditadura.      ","        aos ideais republicanos, indicados no destaque à bandeira paulista.      ","        ao protagonismo das Forças Armadas, representadas pelo militar que empunha a bandeira.      ","        ao bandeirantismo, símbolo paulista apresentado em primeiro plano.      ","        ao papel figurativo de Vargas na política, enfatizado pela pequenez de sua figura no cartaz.      ",D,enem-data/enem-2012/26-images/context_img_0.png
39,42,"


Anaxímenes de Mileto disse que o ar é o elemento originário de tudo o que existe, existiu e existirá, e que outras coisas provêm de sua descendência. Quando o ar se dilata, transforma-se em fogo, ao passo que os ventos são ar condensado. As nuvens formam-se a partir do ar por feltragem e, ainda mais condensadas, transformam-se em água. A água, quando mais condensada, transforma-se em terra, e quando condensada ao máximo possível, transformase em pedras.

BURNET, J. A aurora da filosofia grega. Rio de Janeiro: PUC-Rio, 2006 (adaptado).




TEXTO II




Basílio Magno, filósofo medieval, escreveu: “Deus, como criador de todas as coisas, está no princípio do mundo e dos tempos. Quão parcas de conteúdo se nos apresentam, em face desta concepção, as especulações contraditórias dos filósofos, para os quais o mundo se origina, ou de algum dos quatro elementos, como ensinam os Jônios, ou dos átomos, como julga Demócrito. Na verdade, dão a impressão de quererem ancorar o mundo numa teia de aranha.”

GILSON, E.; BOEHNER, P. História da Filosofia Cristã. São Paulo: Vozes, 1991 (adaptado).



","


Filósofos dos diversos tempos históricos desenvolveram teses para explicar a origem do universo, a partir de uma explicação racional. As teses de Anaxímenes, filósofo grego antigo, e de Basílio, filósofo medieval, têm em comum na sua fundamentação teorias que


",        eram baseadas nas ciências da natureza.      ,        refutavam as teorias de filósofos da religião.      ,        tinham origem nos mitos das civilizações antigas.      ,        postulavam um princípio originário para o mundo.      ,        defendiam que Deus é o princípio de todas as coisas.      ,D,
40,38,"


Uma mesma empresa pode ter sua sede administrativa onde os impostos são menores, as unidades de produção onde os salários são os mais baixos, os capitais onde os juros são os mais altos e seus executivos vivendo onde a qualidade de vida é mais elevada.

SEVCENKO, N. A corrida para o século XXI: no loop da montanha russa. São Paulo: Companhia das Letras, 2001 (adaptado).



","


No texto estão apresentadas estratégias empresariais no contexto da globalização. Uma consequência social derivada dessas estratégias tem sido


",        o crescimento da carga tributária.      ,        o aumento da mobilidade ocupacional.      ,        a redução da competitividade entre as empresas.      ,        o direcionamento das vendas para os mercados regionais.      ,        a ampliação do poder de planejamento dos Estados nacionais.      ,B,
41,43,"


De repente, sente-se uma vibração que aumenta rapidamente; lustres balançam, objetos se movem sozinhos e somos invadidos pela estranha sensação de medo do imprevisto. Segundos parecem horas, poucos minutos são uma eternidade. Estamos sentindo os efeitos de um terremoto, um tipo de abalo sísmico.

ASSAD, L. Os (não tão) imperceptíveis movimentos da Terra. ComCiência: Revista Eletrônica de Jornalismo Científico, n. 117, abr. 2010. Disponível em: http://comciencia.br. Acesso em: 2 mar. 2012.



","


O fenômeno físico descrito no texto afeta intensamente as populações que ocupam espaços próximos às áreas de


",        alívio da tensão geológica.      ,        desgaste da erosão superficial.      ,        atuação do intemperismo químico.      ,        formação de aquíferos profundos.      ,        acúmulo de depósitos sedimentares.      ,A,
42,32,"







","


A interpretação e a correlação das figuras sobre a dinâmica demográfica brasileira demonstram um(a)


",        menor proporção de fecundidade na área urbana.      ,        menor proporção de homens na área rural.      ,        aumento da proporção de fecundidade na área rural.      ,        queda da longevidade na área rural.      ,        queda do número de idosos na área urbana.      ,A,enem-data/enem-2012/32-images/context_img_0.png
43,150,"

Arthur deseja comprar um terreno de Cléber, que lhe oferece as seguintes possibilidades de pagamento:
• Opção 1: Pagar à vista, por R$ 55 000,00;
• Opção 2: Pagar a prazo, dando uma entrada de R$ 30 000,00, e mais uma prestação de R$ 26 000,00 para dali a 6 meses.
• Opção 3: Pagar a prazo, dando uma entrada de R$ 20 000,00, mais uma prestação de R$ 20 000,00, para dali a 6 meses e outra de R$ 18 000,00 para dali a 12 meses da data da compra.
• Opção 4: Pagar a prazo dando uma entrada de R$ 15 000,00 e o restante em 1 ano da data da compra, pagando R$ 39 000,00.
• Opção 5: pagar a prazo, dali a um ano, o valor de R$ 60 000,00.
Arthur tem o dinheiro para pagar à vista, mas avalia se não seria melhor aplicar o dinheiro do valor à vista (ou até um valor menor) em um investimento, com rentabilidade de 10% ao semestre, resgatando os valores à medida que as prestações da opção escolhida fossem vencendo.


","


Após avaliar a situação do ponto de vista financeiro e das condições apresentadas, Arthur concluiu que era mais vantajoso financeiramente escolher a opção:


",        1.      ,        2.      ,        3.      ,        4.      ,        5.      ,D,
44,88,"


O menor tamanduá do mundo é solitário e tem hábitos noturnos, passa o dia repousando, geralmente em um emaranhado de cipós, com o corpo curvado de tal maneira que forma uma bola. Quando em atividade, se locomove vagarosamente e emite som semelhante a um assobio. A cada gestação, gera um único filhote. A cria é deixada em uma árvore à noite e é amamentada pela mãe até que tenha idade para procurar alimento. As fêmeas adultas têm territórios grandes e o território de um macho inclui o de várias fêmeas, o que significa que ele tem sempre diversas pretendentes à disposição para namorar!

Ciência Hoje das Crianças, ano 19, n. 174, nov. 2006 (adaptado).



","


Essa descrição sobre o tamanduá diz respeito ao seu


",        hábitat.      ,        biótopo.      ,        nível trófico.      ,        nicho ecológico.      ,        potencial biótico.      ,D,
45,44,"


Experimentei algumas vezes que os sentidos eram enganosos, e é de prudência nunca se fiar inteiramente em quem já nos enganou uma vez.

DESCARTES, R. Meditações Metafísicas. São Paulo: Abril Cultural, 1979.




TEXTO II




Sempre que alimentarmos alguma suspeita de que uma ideia esteja sendo empregada sem nenhum significado, precisaremos apenas indagar: de que impressão deriva esta suposta ideia? E se for impossível atribuir-lhe qualquer impressão sensorial, isso servirá para confirmar nossa suspeita.

HUME, D. Uma investigação sobre o entendimento. São Paulo: Unesp, 2004 (adaptado).



","


Nos textos, ambos os autores se posicionam sobre a natureza do conhecimento humano. A comparação dos excertos permite assumir que Descartes e Hume


",        defendem os sentidos como critério originário para considerar um conhecimento legítimo.      ,        entendem que é desnecessário suspeitar do significado de uma ideia na reflexão filosófica e crítica.      ,        são legítimos representantes do criticismo quanto à gênese do conhecimento.      ,        concordam que conhecimento humano é impossível em relação às ideias e aos sentidos.      ,        atribuem diferentes lugares ao papel dos sentidos no processo de obtenção do conhecimento.      ,E,
46,160,"

Uma mãe recorreu à bula para verificar a dosagem de um remédio que precisava dar a seu filho. Na bula, recomendava-se a seguinte dosagem: 5 gotas para cada 2 kg de massa corporal a cada 8 horas.
 


","


Se a mãe ministrou corretamente 30 gotas do remédio a seu filho a cada 8 horas, então a massa corporal dele é de
 


",        12 kg.        ,        16 kg.        ,        24 kg.        ,        36 kg.       ,        75 kg.      ,A,
47,45,"


Não ignoro a opinião antiga e muito difundida de que o que acontece no mundo é decidido por Deus e pelo acaso. Essa opinião é muito aceita em nossos dias, devido às grandes transformações ocorridas, e que ocorrem diariamente, as quais escapam à conjectura humana. Não obstante, para não ignorar inteiramente o nosso livre-arbítrio, creio que se pode aceitar que a sorte decida metade dos nossos atos, mas [o livre-arbítrio] nos permite o controle sobre a outra metade.

MAQUIAVEL, N. O Príncipe. Brasília: EdUnB, 1979 (adaptado).



","


Em O Príncipe, Maquiavel refletiu sobre o exercício do poder em seu tempo. No trecho citado, o autor demonstra o vínculo entre o seu pensamento político e o humanismo renascentista ao


",        valorizar a interferência divina nos acontecimentos definidores do seu tempo.      ,        rejeitar a intervenção do acaso nos processos políticos.      ,        afirmar a confiança na razão autônoma como fundamento da ação humana.      ,        romper com a tradição que valorizava o passado como fonte de aprendizagem.      ,        redefinir a ação política com base na unidade entre fé e razão.      ,C,
48,158,"








Neste dia, cinco investidores compraram e venderam o mesmo volume de ações, porém em horários diferentes, de acordo com a seguinte tabela.
 









","


 
Com relação ao capital adquirido na compra e venda das ações, qual investidor fez o melhor negócio?


",        1      ,        2      ,        3      ,        4      ,        5      ,A,"enem-data/enem-2012/158-images/context_img_0.png,enem-data/enem-2012/158-images/context_img_1.png"
