,number,context,question,A,B,C,D,E,answer,context-images
0,46,"


Se, pois, para as coisas que fazemos existe um fim que desejamos por ele mesmo e tudo o mais é desejado no interesse desse fim; evidentemente tal fim será o bem, ou antes, o sumo bem. Mas não terá o conhecimento, porventura, grande influência sobre essa vida? Se assim é, esforcemo-nos por determinar, ainda que em linhas gerais apenas, o que seja ele e de qual das ciências ou faculdades constitui o objeto. Ninguém duvidará de que o seu estudo pertença à arte mais prestigiosa e que mais verdadeiramente se pode chamar a arte mestra. Ora, a política mostra ser dessa natureza, pois é ela que determina quais as ciências que devem ser estudadas num Estado, quais são as que cada cidadão deve aprender, e até que ponto; e vemos que até as faculdades tidas em maior apreço, como a estratégia, a economia e a retórica, estão sujeitas a ela. Ora, como a política utiliza as demais ciências e, por outro lado, legisla sobre o que devemos e o que não devemos fazer, a finalidade dessa ciência deve abranger as das outras, de modo que essa finalidade será o bem humano.

ARISTÓTELES. Ética a Nicômaco. In: Pensadores. São Pauto: Nova Cultural, 1991 (adaptado).



","


Para Aristóteles, a relação entre o sumo bem e a organização da pólis pressupõe que


",        o bem dos indivíduos consiste em cada um perseguir seus interesses.      ,        o sumo bem é dado pela fé de que os deuses são os portadores da verdade.      ,        a política é a ciência que precede todas as demais na organização da cidade.      ,        a educação visa formar a consciência de cada pessoa para agir corretamente.      ,        a democracia protege as atividades políticas necessárias para o bem comum.      ,C,
1,41,"


Segundo quadro
Uma sala da prefeitura. O ambiente é modesto. Durante a mutação, ouve-se um dobrado e vivas a Odorico, “viva o prefeito” etc. Estão em cena Dorotéa, Juju, Dirceu, Dulcinéa, o vigário e Odorico. Este último, à janela, discursa.
ODORICO – povo sucupirano! Agoramente já investido no cargo de Prefeito, aqui estou para receber a confirmação, a ratificação, a autenticação e por que não dizer a sagração do povo que me elegeu.
Aplausos vêm de fora.
ODORICO – eu prometi que meu primeiro ato como prefeito seria ordenar a construção do cemitério.
Aplausos, aos quais se incorporam as personagens em cena.
ODORICO – (continuando o discurso:) Botando de lado os entretantos e partindo pros finalmente, é uma alegria poder anunciar que prafrentemente vocês já poderão morrer descansados, tranquilos e desconstrangidos, na certeza de que vão ser sepultados aqui mesmo, nesta terra morna e cheirosa de Sucupira. E quem votou em mim, basta dizer isso ao padre na hora da extrema-unção, que tem enterro e cova de graça, conforme o prometido.

GOMES, D. O bem amado, Rio de Janeiro, Ediouro, 2012



","


O gênero peça teatral tem o entretenimento como uma de suas funções. Outra função relevante do gênero, explícita nesse trecho de O bem amado, é


",        criticar satiricamente o comportamento de pessoas públicas.      ,        denunciar a escassez de recursos públicos nas prefeituras do interior.      ,        censurar a falta de domínio da língua padrão em eventos sociais.      ,        despertar a preocupação da plateia com a expectativa de vida dos cidadãos.      ,        questionar o apoio irrestrito de agentes públicos aos gestores governamentais.      ,A,
2,47,"


O comércio soube extrair um bom proveito da interatividade própria do meio tecnológico. A possibilidade de se obter um alto desenho do perfil de interesses do usuário, que deverá levar às últimas consequências o princípio da oferta como isca para o desejo consumista, foi o principal deles.

SANTAELLA, L. Culturas e artes do pós-humano: da cultura das mídias à cibercultura. São Paulo: Paulus, 2003 (adaptado).



","


Do ponto de vista comercial, o avanço das novas tecnologias, indicado no texto, está associado à


",        atuação dos consumidores como fiscalizadores da produção.      ,        exigência de consumidores conscientes de seus direitos.      ,        relação direta entre fabricantes e consumidores.      ,        individualização das mensagens publicitárias.      ,        manutenção das preferências de consumo.      ,D,
3,55,"


Uma conversação de tal natureza transforma o ouvinte; o contato de Sócrates paralisa e embaraça; leva a refletir sobre si mesmo, a imprimir à atenção uma direção incomum: os temperamentais, como Alcibíades, sabem que encontrarão junto dele todo o bem de que são capazes, mas fogem porque receiam essa imfuência poderosa, que os leva a se censurarem. É sobretudo a esses jovens, muitos quase crianças, que ele tenta imprimir sua orientação.

BRÉHIER,E. História da filosofia. São Paulo: Mestre Jou, 1977.



","


O texto evidencia características do modo de vida socrático, que se baseava na


",        contemplação da tradição mítica.      ,        sustentação do método dialético.      ,        relativização do saber verdadeiro.      ,        valorização da argumentação retórica.      ,        investigação dos fundamentos da natureza.      ,B,
4,52,"


E venham, então, os alegres incendiários de dedos carbonizados! Vamos! Ateiem fogo às estantes das bibliotecas! Desviem o curso dos canais, para inundar os museus! Empunhem as picaretas, os machados, os martelos e deitem abaixo sem piedade as cidades veneradas!

MARINETTI, F.T. Manifesto futurista. Disponível em : www.sibila.com.br. Acesso em: 2 Ago.2012(adaptado).



","


Que princípio marcante do Futurismo e comum a várias correntes artísticas e culturais das primeiras três décadas do século XX está destacado no texto?


",        tradição é uma força incontornável.      ,        A arte é expressão da memória coletiva.      ,        A modernidade é a superação decisiva da história.      ,        A realidade cultural é determinada economicamente.      ,        A memória é um elemento crucial da identidade cultural.      ,C,
5,54,"


A representação de Demócrito é semelhante à de Anaxágoras, na medida em que um infinitamente múltiplo é a origem; mas nele a determinação dos princípios fundamentais aparece de maneira tal que contém aquilo que para o que foi formado não é, absolutamente, o aspecto simples para si. Por exemplo, partículas de carne e de ouro seriam princípios que, através de sua concentração, formam aquilo que aparece como figura.

HEGEL, G.W. Crítica moderna. In:SOUZA, J.C. (Org.). Os pré-socráticos: vida e obra. São Paulo: Nova Cultural, 2000 (adaptado).



","


O texto faz uma apresentação crítica acerca do pensamento de Demócrito, segundo o qual o “princípio constitutivo das coisas” estava representado pelo(a)


","        número, que fundamenta a criação dos deuses.      ","        devir, que simboliza o constante movimento dos objetos.      ","        água, que expressa a causa material da origem do universo.      ","        imobilidade, que sustenta a existência do ser atemporal.      ","        átomo, que explica o surgimento dos entes.      ",E,
6,50,"


Trata-se da perda progressiva da produtividade de biomas inteiros, afetando parcelas muito expressivas dos domínios subúmidos e semiáridos em todas as regiões quentes do mundo. É nessas áreas, ecologicamente transicionais, que pressão sobre a biomassa se faz sentir com muita força, devido à retirada da cobertura florestal, ao superpastoreio e às atividades mineradoras não controladas, desencadeando um quadro agudo de degradação ambiental, refletido pela incapacidade de suporte para o desenvolvimento de espécies vegetais, seja uma floresta natural ou plantações agrícolas.

CONTI, J. B. A geografia física e as relações sociedade-natureza no mundo tropical, In: CARLOS, A. F. A. (Org.). Novos caminhos da geografia. São Paulo:



","


O texto enfatiza uma consequência da relação conflituosa entre a sociedade humana e o ambiente, que diz respeito



",        inversão térmica.      ,        poluição atmosférica.      ,        eutrofização da água.      ,        contaminação dos solos.      ,        desertificação de ecossistemas.      ,E,
7,51,"


O New Deal visa restabelecer o equilíbrio entre o custo de produção e o preço, entre a cidade e o campo, entre os preços agrícolas e os preços industriais, reativar o mercado interno — o único que é importante —, pelo controle de preços e da produção, pela revalorização dos salários e do poder aquisitivo das massas, isto é, dos lavradores e operários, e pela regulamentação das condições de emprego.

CROUZET,M. Os Estados perante a crise. In: História geral das civilizações.São Paulo: Difel, 1966(adaptado).



","


Tendo como referência os condicionantes históricos do entreguerras, as medidas governamentais descritas objetivavam


",        flexibilizar as regras do mercado financeiro.      ,        fortalecer o sistema de tributação regressiva.      ,        introduzir os dispositivos de contenção creditícia.      ,        racionalizar os custos da automação industrial mediante negociação sindical.      ,        recompor os mecanismos de acumulação econômica por meio da intervenção estatal.      ,E,
8,56,"


O fenômeno da mobilidade populacional vem, desde as últimas décadas do século XX, apresentando transformações significativas no seu comportamento, não só no Brasil como também em outras partes do mundo. Esses novos processos se materializam, entre outros aspectos, na dimensão interna, pelo redirecionamento dos fluxos migratórios para as cidades médias, em detrimento dos grandes centros urbanos; pelos deslocamentos de curta duração e a distâncias menores; pelos movimentos pendulares, que passam a assumir maior relevância nas estratégias de sobrevivência, não mais restritos aos grandes aglomerados urbanos.

OLIVEIRA, L. A. P. Reflexões sobre os deslocamentos populacionais no Brasil. Rio de Janeiro: IBGE, 2011 (adaptado).



","


A redefinição dos fluxos migratórios internos no Brasil, no período apontado no texto, tem como causa a intensificação do processo de


",        descapitalização do setor primário.      ,        ampliação da economia informal.      ,        tributação da área residencial citadina.      ,        desconcentração da atividade industrial.      ,        saturação de empregabilidade do setor terciário.      ,D,
9,53,"


Uma sociedade é uma associação mais ou menos autossuficiente de pessoas que em suas relações mútuas reconhecem certas regras de conduto com obrigatórias e que, na maioria das vezes, agem de acordo com elas. Uma sociedade é bom ordenada não apenas quando está planejada para promover o bem de seus membros, mas quando é também efetivamente regulada por uma concepção pública de justiça. Isto é, trata-se de uma sociedade na qual todos aceitam, e sabem que os outros aceitam, o mesmo princípio de justiça.

RAWLS, J. Uma teoria da justiça. São Paulo: Martins Fontes, 1997. Adaptado.



","


A visão expressa nesse texto do século XX remete a qual aspecto do pensamento moderno?


",        A relação entre liberdade e autonomia do Liberalismo.      ,        A independência entre poder e moral do Racionalismo.      ,        A convenção entre cidadãos e soberano do Absolutismo.      ,        A dialética entre indivíduo e governo autocrata do Idealismo.      ,        A contraposição entre bondade e condições selvagem do Naturalismo.      ,A,
10,14,"


Mas assim que penetramos no universo da web, descobrimos que ele constitui não apenas um imenso “território” em expansão acelerada, mas que também oferece inúmeros “mapas”, filtros, seleções para ajudar o navegante a orientar-se. O melhor guia para a web é a própria web. Ainda que seja preciso ter a paciência
de explorá-la. Ainda que seja preciso arriscar-se a ficar perdido, aceitar “a perda de tempo” para familiarizar-se com esta terra estranha. Talvez seja preciso ceder por um instante a seu aspecto lúdico para descobrir, no desvio de um link, os sites que mais se aproximam de nossos interesses profissionais ou de nossas paixões e que poderão, portanto, alimentar da melhor maneira possível nossa jornada pessoal.

LÉVY, P. Cibercultura. São Paulo: Editora 34, 1999.



","


O usuário iniciante sente-se não raramente desorientado no oceano de informações e possibilidades disponíveis na rede mundial de computadores. Nesse sentido, Pierre Lévy destaca como um dos principais aspectos da internet o(a)


",        espaço aberto para a aprendizagem.      ,        grande número de ferramentas de pesquisa.      ,        ausência de mapas ou guias explicativos.      ,        infinito número de páginas virtuais      ,        dificuldade de acesso aos sites de pesquisa.      ,A,
11,16,"


Essas moças tinham o vezo de afirmar o contrário do que desejavam. Notei a singularidade quando principiaram a elogiar o meu paletó cor de macaco. Examinavam-no sérias, achavam o pano e os aviamentos de qualidade superior , o feitio admirável. Envaideci-me: nunca havia reparado em tais vantagens. Mas os gabas se prolongaram, trouxeram-me desconfiança. Percebi afinal que elas zombavam e não me susceptibilizei. Longe disso: achei curiosa aquela maneira de falar pelo avesso, diferente das grosserias a que me habituara. Em geral me diziam com franqueza que a roupa não me assentava no corpo, sobrava nos sovacos.

RAMOS, G. Infância. Rio de Janeiro: Record, 1994.



","


Por meio de recursos linguísticos, os textos mobilizam estratégias para introduzir e retomar ideias, promovendo a progressão do tema. No fragmento transcrito, um novo aspecto do tema é introduzido pela expressão


","        ""a singularidade"".      ","        ""tais vantagens"".      ","        ""os gabos"".      ","        ""Longe disso"".      ","        ""Em geral"".      ",D,
12,21,"


Apesar de muitas crianças e adolescentes terem a Barbie como um exemplo de beleza, um infográfico feito pelo site Rehabs.com comprovou que, caso uma mulher tivesse as medidas da boneca de plástico, ela nem estaria viva.
Não é exatamente uma novidade que as proporções da boneca mais famosa do mundo são absurdas para o mundo real. Ativistas que lutam pela construção de uma autoimagem mais saudável, pesquisadores de distúrbios alimentares e pessoas que se preocupam com o impacto da indústria cultural na psique humana apontam, há anos, a influência de modelos como a Barbie na distorção do corpo feminino.
Pescoço
Com um pescoço duas vezes mais longo e 15 centímetros mais fino do que o de uma mulher, a Barbie seria incapaz de manter sua cabeça levantada.
Cintura
Com uma cintura de 40 centímetros (menor do que a sua cabeça), a Barbie da vida real só teria espaço em seu corpo para acomodar metade de um rim e alguns centímetros de intestino.
Quadril
O índice que mede a relação entre a cintura e o quadril da Barbie é de 0,56, o que significa que a medida da sua cintura representa 56% da circunferência de seu quadril. Esse mesmo índice, em uma mulher americana média, é de 0,8.

Disponivel em: http://oglobo.globo.com. Acesso em: 2 maio 2015.



","


Ao abordar as possíveis influências da indústria de brinquedos sobre a representação do corpo feminino, o texto analisa a


",        noção de beleza globalizada veiculada pela indústria cultural.      ,        influência da mídia para a adoção de um estilo de vida salutar pelas mulheres.      ,        relação entre a alimentação saudável e o padrão de corpo instituído pela boneca.      ,        proporcionalidade entre a representação do corpo da boneca e a do corpo humano.      ,        influência mercadológica na construção de uma auto imagem positiva do corpo feminino      ,D,
13,57,"


A participação da mulher no processo de decisão política ainda é extremamente limitada em praticamente todos os países, independentemente do regime econômico e social e da estrutura institucional vigente em casa um deles. É fato público e notório, além de empiricamente comprovado, que as mulheres estão em geral sub-representadas nos órgãos do poder, pois a proporção não corresponde jamais ao peso relativo dessa parte da população.

TABAK, G, Mulheres públicas: participação política e poder. Rio de Janeiro: Letra Capital, 2002.



","


No âmbito do Poder Legislativo brasileiro, a tentativa de reverter esse quadro de sub-representação tem envolvido a implementação, pelo Estado, de


",        leis que combatem à violência doméstica.      ,        cotas de gêneros nas candidaturas partidárias.      ,        programas de mobilização política nas escolas.      ,        propaganda de incentivo ao voto consciente.      ,        apoio financeiro às lideranças femininas.      ,B,
14,49,"







","


Comparando os dados das hidrelétricas, uma característica territorial positiva de Belo Monte é o(a)


",        reduzido espaço relativo inundado.      ,        acentuado desnível do relevo local.      ,        elevado índice de urbanização regional.      ,        presença dos grandes parques industriais.      ,        proximidade de fronteiras internacionais estratégicas.      ,A,enem-data/enem-2017/49-images/context_img_0.png
15,59,"


Sou filho natural de uma negra, africana livre, da Costa da Mina (Nagô de Nação), de nome Luiza Mahin, pagã, que sempre recusou o batismo e a doutrina cristã. Minha mãe era baixa de estatura, magra, bonita, a cor era de um preto retinto e sem lustro, tinha os dentes alvíssimos como a neve, era muito altiva, geniosa, insofrida. Dava-se ao comércio — era quitandeira, muito laboriosa e, mais de uma vez, na Bahia, foi presa como suspeita de envolver-se em planos de insurreição de escravos, que não tiveram efeito.

AZEVEDO, E. “Lá vai verso!”: Luiz Gama e as primeiras trovas burlescas de Getulino. In: CHALHOUB, S.; PEREIRA, L. A. M. A história contada: capítulos de história social da literatura no Brasil. Rio de Janeiro: Nova Fronteira, 1998 (adaptado).



","


Nesse trecho de suas memórias, Luiz Gama ressalta a importância dos(as)


",        laços de solidariedade familiar.      ,        estratégias de resistência cultural.      ,        mecanismos de hierarquização tribal.      ,        instrumentos de dominação religiosa.      ,        limites da concessão de alforria.      ,B,
16,68,"


Uma pessoa vê-se forçada pela necessidade a pedir dinheiro emprestado. Sabe muito bem que não poderá pagar, mas vê também que não lhe emprestarão nada se não prometer firmemente pagar em prazo determinado. Sente a tentação de fazer a promessa; mas tem ainda consciência bastante para perguntar a si mesma: não é proibido e contrário ao dever livrar-se de apuros desta maneira? Admitindo que se decida a fazê-lo, a sua máxima de ação seria: quando julgo estar em apuros de dinheiro, vou pedi-lo emprestado e prometo pagá-lo, embora saiba que tal nunca sucederá.

KANT, I. Fundamentação da metafísica dos costumes. São Paulo: Abril Cultural, 1980.



","


De acordo com a moral kantiana, a “falsa promessa de pagamento” representada no texto


",        assegura que a ação seja aceita por todos a partir da livre discussão participativa.      ,        garante que os efeitos das ações não destruam a possibilidade da vida futura na terra.      ,        opõe-se ao princípio de que toda ação do homem possa valer como norma universal.      ,        materializa-se no entendimento de que os fins da ação humana podem justificar os meios.      ,        permite que a ação individual produza a mais ampla felicidade para as pessoas envolvidas.      ,C,
17,61,"


Durante o Estado Novo, os encarregados da propaganda procuraram aperfeiçoar-se na arte da empolgação e envolvimento das “multidões” através das mensagens políticas. Nesse tipo de discurso, o significado das palavras importa pouco, pois, como declarou Goebbels, “não falamos para dizer alguma coisa, mas para obter determinado efeito”.

CAPELATO, M. H. Propaganda política e controle dos meios de comunicação. In: PANDOLFI, D. (Org.). Repensando o Estado Novo. Rio de Janeiro: FGV, 1999.



","


O controle sobre os meios de comunicação foi uma marca do Estado Novo, sendo fundamental à propaganda política, na medida em que visava


",        conquistar o apoio popular na legitimação do novo governo.      ,        ampliar o envolvimento das multidões nas decisões políticas.      ,        aumentar a oferta de informações públicas para a sociedade civil.      ,        estender a participação democrática dos meios de comunicação no Brasil.      ,        alargar o entendimento da população sobre as intenções do novo governo.      ,A,
18,48,"







","


Elaborada em 1969, a releitura contida na Figura 2 revela aspectos de uma trajetória e obra dedicadas à


",        valorização de uma representação tradicional da mulher.      ,        descaracterização de referências do folclore nordestino.      ,        fusão de elementos brasileiros à moda da Europa.      ,        massificação do consumo de uma arte local.      ,        criação de uma estética de resistência.      ,E,enem-data/enem-2017/48-images/context_img_0.png
19,66,"


No período anterior ao golpe militar de 1964, os documentos episcopais indicavam para os bispos que o desenvolvimento econômico, e claramente o desenvolvimento capitalista, orientando-se no sentido da justa distribuição da riqueza, resolveria o problema da miséria rural e, consequentemente, suprimiria a possibilidade do proselitismo e da expansão comunista entre os camponeses. Foi nesse sentido que o golpe de Estado, de 31 de março de 1964, foi acolhido pela Igreja.

MARTINS, J. S. A política do Brasil: lúmpen e místico. São Paulo: Contexto, 2011 (adaptado).



","


Em que pesem as divergências no interior do clero após a instalação da ditadura civil-militar, o posicionamento mencionado no texto fundamentou-se no entendimento da hierarquia católica de que o(a)


",        luta de classes é estimulada pelo livre mercado.      ,        poder oligárquico é limitado pela ação do Exército.      ,        doutrina cristã é beneficiada pelo atraso do interior.      ,        espaço político é dominado pelo interesse empresarial.      ,        manipulação ideológica é favorecida pela privação material.      ,E,
20,64,"


Estão aí, como se sabe, dois candidatos à presidência, os senhores Eduardo Gomes e Eurico Dutra, e um terceiro, o senhor Getúlio Vargas, que deve ser candidato de algum grupo político oculto, mas é também o candidato popular. Porque há dois “queremos”: o “queremos” dos que querem ver se continuam nas posições e o “queremos” popular… Afinal, o que é que o senhor Getúlio Vargas é? É fascista? É comunista? É ateu? É cristão? Quer sair? Quer ficar? O povo, entretanto, parece que gosta dele por isso mesmo, porque ele é “à moda da casa”.

A Democracia. 16 set. 1945, apud GOMES, A. C.; D’ARAÚJO, M. C. Getulismo e trabalhismo. São Paulo: Ática, 1989.



","


O movimento político mencionado no texto caracterizou-se por


",        reclamar a participação das agremiações partidárias.       ,         apoiar a permanência da ditadura estadonovista.       ,        demandar a confirmação dos direitos trabalhistas.       ,        reivindicar a transição constitucional sob influência do governante.       ,        resgatar a representatividade dos sindicatos sob controle social.       ,D,
21,62,"


TEXTO I
Sólon é o primeiro nome grego que nos vem à mente quando terra e dívida são mencionadas juntas. Logo depois de 600 a.C., ele foi designado “legislador” em Atenas, com poderes sem precedentes, porque a exigência de redistribuição de terras e o cancelamento das dívidas não podiam continuar bloqueados pela oligarquia dos proprietários de terra por meio da força ou de pequenas concessões.

FINLEY, M. Economia e sociedade na Grécia antiga. São Paulo: WMF Martins Fontes, 2013 (adaptado).





TEXTO II
A “Lei das Doze Tábuas” se tornou um dos textos fundamentais do direito romano, uma das principais heranças romanas que chegaram até nós. A publicação dessas leis, por volta de 450 a.C., foi importante, pois o conhecimento das “regras do jogo” da vida em sociedade é um instrumento favorável ao homem comum e potencialmente limitador da hegemonia e arbítrio dos poderosos.

FUNARI, P. P. Grécia e Roma. São Paulo: Contexto, 2011 (adaptado).



","


O ponto de convergência entre as realidades sociopolíticas indicadas nos textos consiste na ideia de que a


",        discussão de preceitos formais estabeleceu a democracia.      ,        invenção de códigos jurídicos desarticulou as aristocracias.      ,        formulação de regulamentos oficiais instituiu as sociedades.      ,        definição de princípios morais encerrou os conflitos de interesses.      ,        criação de normas coletivas diminuiu as desigualdades de tratamento.      ,E,
22,65,"


O instituto popular, de acordo com o exame da razão, fez da figura do alferes Xavier o principal dos inconfidentes, e colocou os seus parceiros a meia ração de glória. Merecem, decerto, a nossa estima aqueles outros; eram patriotas. Mas o que se ofereceu a carregar com os pecadores de Israel, o que chorou de alegria quando viu comutada a pena de morte dos seus companheiros, pena que só ia ser executada nele, o enforcado, o esquartejado, o decapitado, esse tem de receber o prêmio na proporção do martírio, e ganhar por todos, visto que pagou por todos.

ASSIS, M. Gazeta de Notícias, n. 114, 24 abr. 1892.



","


No processo de transição para a República, a narrativa machadiana sobre a Inconfidência Mineira associa


",        redenção cristã e cultura cívica.      ,        veneração aos santos e radicalismo militar.      ,        apologia aos protestantes e culto ufanista.      ,        tradição messiânica e tendência regionalista.      ,        representação eclesiástica e dogmatismo ideológico.      ,A,
23,67,"


O conceito de democracia, no pensamento de Habermas, é construído a partir de uma dimensão procedimental, calcada no discurso e na deliberação. A legitimidade democrática exige que o processo de tomada de decisões políticas ocorra a partir de uma ampla discussão pública, para somente então decidir. Assim, o caráter deliberativo corresponde a um processo coletivo de ponderação e análise, permeado pelo discurso, que antecede a decisão.

VITALE, D. Jürgen Habermas, modernidade e democracia deliberativa. Cadernos do CRH (UFBA), v. 19, 2006 (adaptado).



","


O conceito de democracia proposto por Jürgen Habermas pode favorecer processos de inclusão social. De acordo com o texto, é uma condição para que isso aconteça o(a)


",        participação direta periódica do cidadão.      ,        debate livre e racional entre cidadãos e Estado.      ,        interlocução entre os poderes governamentais.      ,        eleição de lideranças políticas com mandatos temporários.      ,        controle do poder político por cidadãos mais esclarecidos.      ,B,
24,58,"


Palestinos se agruparam em frente a aparelhos de televisão e telas montadas ao ar livre em Ramalah, na Cisjordânia, para acompanhar o voto da resolução que pedia o reconhecimento da chamada Palestina como um Estado observador não membro da Organização das Nações Unidas (ONU). O objetivo era esperar pelo nascimento, ao menos formal, de um Estado palestino. Depois da aprovação da resolução, centenas de pessoas foram à praça da cidade com bandeiras palestinas, soltaram fogos de artifício, fizeram buzinaços e dançaram pelas ruas. Aprovada com 138 votos dos 193 da Assembleia-Geral, a resolução eleva o status do Estado palestino perante a organização.

Palestinos comemoram elevação de status na ONU com bandeiras e fogos. Disponível em: http://folha.com. Acesso em: 4 dez. 2012 (adaptado).



","


A mencionada resolução da ONU referendou o(a)


",        delimitação institucional das fronteiras territoriais.      ,        aumento da qualidade de vida da população local.      ,        implementação do tratado de paz com os israelenses.      ,        apoio da comunidade internacional à demanda nacional.      ,        equiparação da condição política com a dos demais países.      ,D,
25,63,"


Com a Lei de Terras de 1850, o acesso à terra só passou a ser possível por meio da compra com pagamento em dinheiro. Isso limitava, ou mesmo praticamente impedia, o acesso à terra para os trabalhadores escravos que conquistavam a liberdade.

OLIVEIRA, A. U. Agricultura brasileira: transformações recentes. In: ROSS, J. L. S. Geografia do Brasil. São Paulo: Edusp. 2009.



","


O fato legal evidenciado no texto acentuou o processo de


",        reforma agrária.      ,        expansão mercantil.      ,        concentração fundiária.      ,        desruralização da elite.      ,        mecanização da produção.      ,C,
26,69,"


O terremoto de 8,8 na escala Richter que atingiu a costa oeste do Chile, em fevereiro, provocou mudanças significativas no mapa da região. Segundo uma análise preliminar, toda a cidade de Concepción se deslocou pelo menos três metros para o oeste. Buenos Aires moveu-se cerca de 2,5 centímetros para oeste, enquanto Santiago, mais próxima do local do evento, deslocou-se quase 30 centímetros para o oeste-sudoeste. As cidades de Valparaíso, no Chile, e Mendoza, na Argentina, também tiveram suas posições alteradas significativamente (13,4 centímetros e 8,8 centímetros, respectivamente).

Revista InfoGNSS, Curitiba, ano 6, n. 31, 2010.



","


No texto, destaca-se um tipo de evento geológico frequente em determinadas partes da superfície terrestre. Esses eventos estão concentrados em


","        áreas vulcânicas, onde o material magmático se eleva, formando cordilheiras.      ","        faixas costeiras, onde o assoalho oceânico recebe sedimentos, provocando tsunamis.      ","        estreitas faixas de intensidade sísmica, no contato das placas tectônicas, próximas a dobramentos modernos.      ","        escudos cristalinos, onde as rochas são submetidas aos processos de intemperismo, com alterações bruscas de temperatura.      ","        áreas de bacias sedimentares antigas, localizadas no centro das placas tectônicas, em regiões conhecidas como pontos quentes.      ",C,
27,60,"










SALGADO-LABOURIAU, M. L. História ecológica da Terra. São Paulo: Edgard Blucher, 1994 (adaptado).



","


Nas imagens constam informações sobre a formação de brisas em áreas litorâneas. Esse processo é resultado de


",        uniformidade do gradiente de pressão atmosférica.      ,        aquecimento diferencial da superfície.      ,        quedas acentuadas de médias térmicas.      ,        mudanças na umidade relativa do ar.      ,        variações altimétricas acentuadas.      ,B,enem-data/enem-2017/60-images/context_img_0.png
28,72,"


Ao destruir uma paisagem de árvores de troncos retorcidos, folhas e arbustos ásperos sobre os solos ácidos, não raro laterizados ou tomados pelas formas bizarras dos cupinzeiros, essa modernização lineariza e aparentemente não permite que se questione a pretensão modernista de que a forma deve seguir a função.

HAESBAERT,R. “Gaúchos” e baianos no “novo” Nordeste: entre a globalização econômica e a reinvenção das identidades territoriais. In: CASTRO, I.E; GOMES,P.C.; CORRÊA,R.L.(Org.). Brasil:questões atuais da reorganização do território. Rio de Janeiro: Bertrand Brasil, 2008.



","


O processo descrito ocorre em um área biogeográfica com predomínio de vegetação


",        tropófila e clima tropical.      ,        xerófila e clima semiárido.      ,        hidrófila e clima equatorial.      ,        aciculifoliada e clima subtropical.      ,        semidecídua e clima tropical úmido.      ,A,
29,71,"


A grande maioria dos países ocidentais democráticos adotou o Tribunal Constitucional como mecanismo de controle dos demais poderes. A inclusão dos Tribunais no cenário político implicou alterações no cálculo para a implementação de políticas públicas. O governo, além de negociar seu plano político com o Parlamento, teve que se preocupar em não infringir a Constituição. Essa nova arquitetura institucional propiciou o desenvolvimento de um ambiente político que viabilizou a participação do Judiciário nos processos decisórios.

CARVALHO, E. R. Revista de Sociologia e Política, n. 23, nov. 2004 (adaptado).



","


O texto faz referência a uma importante mudança na dinâmica de funcionamento dos Estados contemporâneos que, no caso brasileiro, teve como consequência a


",        adoção de eleições para a alta magistratura.      ,        diminuição das tensões entre os entes federativos.      ,        suspensão do princípio geral dos freios e contrapesos.      ,        judicialização de questões próprias da esfera legislativa.      ,        profissionalização do quadro de funcionários da Justiça.      ,D,
30,76,"


O desgaste acelerado sempre existirá se o agricultor não tiver o devido cuidado de combater as causas, relacionadas a vários processos, tais como: empobrecimento químico e lixiviação provocados pelo esgotamento causado pelas colheitas e pela lavagem vertical de nutrientes da água que se infiltra no solo, bem como pela retirada de elementos nutritivos com as colheitas. Os nutrientes retirados, quando não repostos, são comumente substituídos por elementos tóxicos, como, por exemplo, o alumínio.

LEPSCH, I. Formação e conservação dos solos. São Paulo: Oficina de Textos, 2002 (adaptado).



","


A dinâmica ambiental exemplificada no texto gera a seguinte consequência para o solo agricultável:


",        Elevação da acidez.      ,        Ampliação da salinidade.      ,        Formação de voçorocas.      ,        Remoção da camada superior.      ,        Intensificação do escoamento superficial.      ,A,
31,73,"


A instalação de uma refinaria obedece a diversos fatores técnicos. Um dos mais importantes é a localização, que deve ser próxima tanto dos centros de consumo como das áreas de produção. A Petrobras possui refinarias estrategicamente distribuídas pelo país. Elas são responsáveis pelo processamento de milhões de barris de petróleo por dia, suprindo o mercado com derivados que podem ser obtidos a partir de petróleo nacional ou importado.

Murta, Energia: o vício da civilização, crise energética e alternativas sustentáveis. Rio de Janeiro Caramond 2011



","


A territorialização de uma unidade produtiva depende de diversos fatores locacionais. A partir da leitura do texto, o fator determinante para a instalação das refinarias de petróleo é a proximidade a


",        sedes de empresas petroquímicas.      ,        zonas de importação de derivados      ,        polos de desenvolvimento tecnológico.      ,        áreas de aglomerações de mão de obra      ,        espaços com infraestrutura de circulação      ,E,
32,78,"


A diversidade de atividades relacionadas ao setor terciário reforça a tendência mais geral de desindustrialização de muitos dos países desenvolvidos sem que estes, contudo, percam o comando da economia. Essa mudança implica nova divisão internacional do trabalho, que não é mais apoiada na clara segmentação setorial das atividades econômicas.

RIO, G. A. P. A espacialidade da economia. In: CASTRO, I. E.; GOMES, P. C. C.; CORRÊA, R. L. (Org.). Olhares geográficos: modos de ver e viver o espaço. Rio de Janeiro: Bertrand Brasil, 2012 (adaptado).



","


Nesse contexto, o fenômeno descrito tem como um de seus resultados a


",        saturação do setor secundário.      ,        ampliação dos direitos laborais.      ,        bipolarização do poder geopolítico.      ,        consolidação do domínio tecnológico.      ,        primarização das exportações globais.      ,D,
33,81,"


Procuramos demonstrar que o desenvolvimento pode ser visto como um processo de expansão das liberdades reais que as pessoas desfrutam. O enfoque nas liberdades humanas contrasta com visões mais restritas de desenvolvimento, como as que identificam desenvolvimento com crescimento do Produto Nacional Bruto, ou industrialização. O crescimento do PNB pode ser muito importante como um meio de expandir as liberdades. Mas as liberdades dependem também de outros determinantes, como os serviços de educação e saúde e os direitos civis.

SEN, A. Desenvolvimento como liberdade. São Paulo: Cia. das Letras, 2010.



","


A concepção de desenvolvimento proposta no texto fundamenta-se no vínculo entre


",        incremento da indústria e atuação no mercado financeiro.      ,        criação de programas assistencialistas e controle de preços.      ,        elevação da renda média e arrecadação de impostos.      ,        garantia da cidadania e ascensão econômica.      ,        ajuste de políticas econômicas e incentivos fiscais.      ,D,
34,77,"


Os maiores consumidores da infraestrutura logística para exportação no Brasil são os produtos a granel, dentre os quais se destacam o minério de ferro, petróleo e seus derivados e a soja, que, por possuírem baixo valor agregado, e por serem movimentados em grandes volumes, necessitam de uma infraestrutura de grande porte e baixos custos. No caso da soja, a infraestrutura deixa muito a desejar, resultando em enormes filas de navios, caminhões e trens, que, por ficarem grande parte do tempo ociosos nas filas, têm seu custo majorado, onerando fortemente o exportador, afetando sua margem de lucro e ameaçando nossa competitividade internacional.

FLEURY, P F. A infraestrutura e os desafios logísticos das exportações brasileiras. Rio de Janeiro: CEL; Coppead; UFRJ, 2005 (adaptado).



","


No contexto do início do século XXI, uma ação para solucionar os problemas logísticos da soja apresentados no texto seria a


",        isenção de impostos de transportes.      ,        construção de terminais atracadouros.      ,        diversificação dos parceiros comerciais.      ,        contratação de trabalhadores portuários.      ,        intensificação do policiamento das rodovias.      ,B,
35,74,"


Mas era sobretudo a lã que os compradores, vindos da Flandres ou da Itália, procuravam por toda a parte. Para satisfazê-los, as raças foram melhoradas através do aumento progressivo das suas dimensões. Esse crescimento prosseguiu durante todo o século XIII, e as abadias da Ordem de Cister, onde eram utilizados os métodos mais racionais de criação de gado, desempenharam certamente um papel determinante nesse aperfeiçoamento.

DUBYG. Economia rural e vida no campo no Ocidente medieval Lisboa: Estampa, 1987 (adaptado)



","


O texto aponta para a relação entre aperfeiçoamento da atividade pastoril e avanço técnico na Europa Ocidental feudal, que resultou do(a)


",        crescimento do trabalho escravo.      ,        desenvolvimento da Vida urbana.      ,        padronização dos impostos locais.      ,        uniformização do processo produtivo.      ,        desconcentração da estrutura fundiária.      ,B,
36,70,"










Disponível em: http://img0.cptec.inpe.br. Acesso em: 25 ago. 2014 (adaptado).













Disponível em: http://imagens.climatempo.com.br. Acesso em: 25 ago. 2014 (adaptado).



","


No dia em que foram colhidos os dados meteorológicos apresentados, qual fator climático foi determinante para explicar os índices de umidade relativa do ar nas regiões Nordeste e Sul?


","        Altitude, que forma barreiras naturais.      ","        Vegetação, que afeta a incidência solar.      ","        Massas de ar, que provocam precipitações.      ","        Correntes marítimas, que atuam na troca de calor.      ","        Continentalidade, que influencia na amplitude da temperatura.      ",C,"enem-data/enem-2017/70-images/context_img_0.png,enem-data/enem-2017/70-images/context_img_1.png"
37,84,"


A configuração do espaço urbano da região do Entorno do Distrito Federal assemelha-se às demais aglomerações urbanas e regiões metropolitanas do país, onde é facilmente identificável a constituição de um centro dinâmico e desenvolvido, onde se concentram as oportunidades de trabalho e os principais serviços, e a constituição de uma região periférica concentradora de população de baixa renda, com acesso restrito às principais atividades com capacidade de acumulação e produtividade, e aos serviços sociais e infraestrutura básica.

CAIADO, M. C. A migração intrametropolitana e o processo de estruturação do espaço urbano da Região Integrada de Desenvolvimento do Distrito Federal e Entorno. In: HOGAN, D. J. et al. (Org ). Migração e ambiente nas aglomerações urbanas. Campinas: Nepo/Unicamp, 2002.



","


A organização interna do aglomerado urbano descrito é resultado da ocorrência do processo de


",        expansão vertical.      ,        polarização nacional.      ,        emancipação municipal.      ,        segregação socioespacial.      ,        desregulamentação comercial.      ,D,
38,79,"


Muitos países se caracterizam por terem populações multiétnicas. Com frequência, evoluíram desse modo ao longo de séculos. Outras sociedades se tornaram multiétnicas mais rapidamente, como resultado de políticas incentivando a migração, ou por conta de legados coloniais e imperiais.

GIDDENS,A. Sociologia. Porto Alegre: Penso, 2012 (adaptado)



","


Do ponto de vista do funcionamento das democracias contemporâneas, o modelo de sociedade descrito demanda, simultaneamente,


",        defesa do patriotismo e rejeição ao hibridismo.      ,        universalização de direitos e respeito à diversidade.      ,        segregação do território e estímulo ao autogoverno.      ,        políticas de compensação e homogeneização do idioma.      ,        padronização da cultura e repressão aos particularismos.      ,B,
39,82,"


A primeira Guerra do Golfo, genuinamente apoiada pelas Nações Unidas e pela comunidade internacional, assim como a reação imediata ao Onze de Setembro, demonstravam a força da posição dos Estados Unidos na era pós-soviética.

HOBSBAWM, E. Globalização, democracia e terrorismo. São Paulo: Cia. das Letras, 2007.



","


Um aspecto que explica a força dos Estados Unidos, apontada pelo texto, reside no(a)


",        poder de suas bases militares espalhadas ao redor do mundo.      ,        alinhamento geopolítico da Rússia em relação aos EUA.      ,        política de expansionismo territorial exercida sobre Cuba.      ,"        aliança estratégica com países produtores de petróleo, como Kuwait e Irã.      ",        incorporação da China à Organização do Tratado do Atlântico Norte (Otan).      ,A,
40,87,"


Após a Declaração Universal dos Direitos Humanos pela ONU, em 1948, a Unesco publicou estudos de cientistas de todo o mundo que desqualificaram as doutrinas racistas e demonstraram a unidade do gênero humano. Desde então, a maioria dos próprios cientistas europeus passou a reconhecer o caráter discriminatório da pretensa superioridade racial do homem branco e a condenar as aberrações cometidas em seu nome.

SILVEIRA, R. Os selvagens e a massa: papel do racismo científico na montagem da hegemonia ocidental. Afro-Ásia, n. 23, 1999 (adaptado).



","


A posição assumida pela Unesco, a partir de 1948, foi motivada por acontecimentos então recentes, dentre os quais se destacava o(a)


",        ataque feito pelos japoneses à base militar americana de Pearl Harbor.      ,        desencadeamento da Guerra Fria e de novas rivalidades entre nações.      ,        morte de milhões de soldados nos combates da Segunda Guerra Mundial.      ,        execução de judeus e eslavos presos em guetos e campos de concentração nazistas.      ,        lançamento de bombas atômicas em Hiroshima e Nagasaki pelas forças norte-americanas.      ,D,
41,88,"


A moralidade, Bentham exortava, não é uma questão de agradar a Deus, muito menos de fidelidade a regras abstratas. A moralidade é a tentativa de criar a maior quantidade de felicidade possível neste mundo. Ao decidir o que fazer, deveríamos, portanto, perguntar qual curso de conduta promoveria a maior quantidade de felicidade para todos aqueles que serão afetados.

RACHELS, J. Os elementos dafilosofia moral. Barueri-SP: Manole, 2006.



","


Os parâmetros da ação indicados no texto estão em conformidade com uma


",        fundamentação científica de viés positivista.      ,        convenção social de orientação normativa.      ,        transgressão comportamental religiosa.      ,        racionalidade de caráter pragmático.      ,        inclinação de natureza passional.      ,D,
42,85,"


México, Colômbia, Peru e Chile decidiram seguir um caminho mais curto para a integração regional. Os quatro países, em meados de 2012, criaram a Aliança do Pacífico e eliminaram, em 2013, as tarifas aduaneiras de 90% do total de produtos comercializados entre suas fronteiras.

OLIVEIRA, E. Aliança do Pacífico se fortalece e Mercosul fica à sua sombra. O Globo, 24 fev. 2013 (adaptado)



","


O acordo descrito no texto teve como objetivo econômico para os países-membros


",        promover a livre circulação de trabalhadores.      ,        fomentar a competitividade no mercado externo.      ,        restringir investimentos de empresas multinacionais.      ,        adotar medidas cambiais para subsidiar o setor agrícola.      ,        reduzir a fiscalização alfandegária para incentivar o consumo.      ,B,
43,75,"







","


A leitura dos dados revela que as áreas com maior cobertura vegetal têm o potencial de intensificar o processo de


",        erosão laminar.      ,        intemperismo físico.      ,        enchente nas cidades.      ,        compactação do solo.      ,        recarga dos aquíferos.      ,E,enem-data/enem-2017/75-images/context_img_0.png
44,86,"


No império africano do Mali, no século XIV, Tombuctu foi centro de um comércio internacional onde tudo era negociado — sal, escravos, marfim etc. Havia também um grande comércio de livros de história, medicina, astronomia e matemática, além de grande concentração de estudantes. A importância cultural de Tombuctu pode ser percebida por meio de um velho provérbio: “O sal vem do norte, o ouro vem do sul, mas as palavras de Deus e os tesouros da sabedoria vêm de Tombuctu”.

ASSUMPÇÃO, J. E. África: uma história a ser reescrita. In: MACEDO, J. R. (Org.). Desvendando a história da África. Porto Alegre: UFRGS, 2008 (adaptado).



","


Uma explicação para o dinamismo dessa cidade e sua importância histórica no período mencionado era o(a)


",        isolamento geográfico do Saara ocidental.      ,        exploração intensiva de recursos naturais.      ,        posição relativa nas redes de circulação.      ,        tráfico transatlântico de mão de obra servil.      ,        competição econômica dos reinos da região.      ,C,
45,83,"







","


A fotografia, datada de 1860, é um indício da cultura escravista no Brasil, ao expressara


","        ambiguidade do trabalho doméstico exercido pela ama de leite, desenvolvendo uma relação de proximidade e subordinação em relação aos senhores.      ","        integração dos escravos aos valores das classes médias, cultivando a família como pilar da sociedade imperial.      ","        melhoria das condições de vida dos escravos observada pela roupa luxuosa, associando o trabalho doméstico a privilégios para os cativos.      ","        esfera da vida privada, centralizando a figura feminina para afirmar o trabalho da mulher na educação letrada dos infantes.      ","        distinção étnica entre senhores e escravos, demarcando a convivência entre estratos sociais como meio para superar a mestiçagem.      ",A,enem-data/enem-2017/83-images/context_img_0.png
46,89,"


Fala-se muito nos dias de hoje em direitos do homem. Pois bem: foi no século XVIII — em 1789, precisamente — que uma Assembleia Constituinte produziu e proclamou em Paris a Declaração dos Direitos do Homem e do Cidadão. Essa Declaração se impôs como necessária para um grupo de revolucionários, por ter sido preparada por uma mudança no plano das ideias e das mentalidades: o lluminismo.

FORTES, L. R. S. O lluminismo e os reis filósofos. São Paulo: Brasiliense, 1981 (adaptado).



","


Correlacionando temporalidades históricas, o texto apresenta uma concepção de pensamento que tem como uma de suas bases a


",        modernização da educação escolar.      ,        atualização da disciplina moral cristã.      ,        divulgação de costumes aristocráticos.      ,        socialização do conhecimento científico.      ,        universalização do princípio da igualdade civil.      ,E,
47,80,"














","


As temperaturas médias mensais e as taxas de pluviosidade expressas no climograma apresentam o clima típico da seguinte cidade:


","        Cidade do Cabo (África do Sul), marcado pela reduzida amplitude térmica anual.      ","        Sydney (Austrália), caracterizado por precipitações abundantes no decorrer do ano.      ","        Mumbai (índia), definido pelas chuvas monçônicas torrenciais.      ","        Barcelona (Espanha), afetado por massas de ar seco.      ","        Moscou (Rússia), influenciado pela localização geográfica em alta latitude.      ",E,"enem-data/enem-2017/80-images/context_img_0.png,enem-data/enem-2017/80-images/context_img_1.png"
48,90,"


Art. 231. São reconhecidos aos índios sua organização social, costumes, línguas, crenças e tradições, e os direitos originários sobre as terras que tradicionalmente ocupam, competindo à União demarcá-las, proteger e fazer respeitar todos os seus bens.

BRASIL. Constituição da República Federativa do Brasil de 1988. Disponível em: www.planalto.gov.br. Acesso em: 27 abr. 2017.



","


A persistência das reivindicações relativas à aplicação desse preceito normativo tem em vista a vinculação histórica fundamental entre


",        etnia e miscigenação racial.      ,        sociedade e igualdade jurídica.      ,        espaço e sobrevivência cultural.      ,        progresso e educação ambiental.      ,        bem-estar e modernização econômica.      ,C,
49,133,"


No ar que respiramos existem os chamados “gases inertes”. Trazem curiosos nomes gregos, que significam “o Novo”, “o Oculto”, “o Inativo”. E de fato são de tal modo inertes, tão satisfeitos em sua condição, que não interferem em nenhuma reação química, não se combinam com nenhum outro elemento e justamente por esse motivo ficaram sem ser observados durante séculos: só em 1962 um químico, depois de longos e engenhosos esforços, conseguiu forçar “o Estrangeiro” (o xenônio) a combinar-se fugazmente com o flúor ávido e vivaz, a façanha pareceu tão  extraordinária que lhe foi conferido o Prêmio Nobel.

LEVI, P. A tabela periódica. Rio de Janeiro: Relume-Dumará, 1994 (adaptado)



","


Qual propriedade do flúor justifica sua escolha como reagente para o processo mencionado?


",        Densidade.      ,        Condutância.      ,        Eletronegatividade.      ,        Estabilidade nuclear.      ,        Temperatura de ebulição.      ,C,
50,135,"


A retina é um tecido sensível à luz, localizado na parte posterior do olho, onde ocorre o processo de formação de imagem. Nesse tecido, encontram-se vários tipos celulares específicos. Um desses tipos celulares são cones, os quais convertem os diferentes comprimentos de onda da luz visível em sinais elétricos, que são transmitidos pelo nervo óptico até o cérebro.

Disponível em: www.portaldaretina.com.br. Acesso em: 13 jun. 2012 (adaptado)



","


Em relação à visão, a degeneração desse tipo celular irá


",        comprometer a capacidade de visão em cores.      ,        impedir a projeção dos raios luminosos na retina.      ,        provocar a formação de imagens invertidas na retina.      ,        causar dificuldade de visualização de objetos próximos.      ,        acarretar a perda da capacidade de alterar o diâmetro da pupila.      ,A,
51,138,"

Em uma cantina, o sucesso de venda no verão são sucos preparados à base de polpa de frutas. Um dos sucos mais vendidos é o de morango com acerola, que é preparado com 2/3 de polpa de morango e 1/3 de polpa de acerola.



Para o comerciante, as polpas são vendidas em embalagens de igual volume. Atualmente, a embalagem da polpa de morango custa R$ 18,00 e a de acerola, R$ 14,70. Porém, está prevista uma alta no preço da embalagem da polpa de acerola no próximo mês, passando a custar R$ 15,30.



Para não aumentar o preço do suco, o comerciante negociou com o fornecedor uma redução no preço da embalagem da polpa de morango.


","


A redução, em real, no preço da embalagem da polpa de morango deverá ser de


","        1,20.      ","        0,90.      ","        0,60.      ","        0,40.      ","        0,30      ",E,
52,131,"


A cromatografia em papel é um método de separação que se baseia na migração diferencial dos componentes de uma mistura entre duas fases imiscíveis. Os componentes da amostra são separados entre a fase estacionária e a fase móvel em movimento no papel. A fase estacionária consiste de celulose praticamente pura, que pode absorver até 22% de água. É a água absorvida que funciona como fase estacionária líquida e que interage com a fase móvel, também líquida (partição líquido-líquido). Os componentes capazes de formar interações intermoleculares mais fortes com a fase estacionária migram mais lentamente.
 
Uma mistura de hexano com 5% (v/v) de acetona foi utilizada como fase móvel na separação dos componentes de um extrato vegetal obtido a partir de pimentões. Considere que esse extrato contém as substâncias representadas.

RIBEIRO, N.M.; NUNES, C. R. Análise de pigmentos de pimentões por cromatografia em papel, Química Nova na Escola, n.29, ago. 2008 (adaptado).










","


A substância presente na mistura que migra mais lentamente é o(a)


",        licopeno.      ,        α-caroteno.      ,        γ-caroteno.      ,        capsorubina.      ,        α-criptoxantina.      ,D,enem-data/enem-2017/131-images/context_img_0.png
53,128,"


A ozonólise, reação utilizada na indústria madeireira para a produção de papel, é utilizada em escala de laboratório na síntese de aldeídos e cetonas. As duplas ligações dos alcenos são clivadas pela oxidação com o ozônio (O3), em presença de água e zinco metálico, e a reação produz aldeídos e/ou cetonas, dependendo do grau de substituição da ligação dupla. Ligações duplas dissubstituídas geram cetonas, enquanto as ligações duplas terminais ou monossubstituídas dão origem a aldeídos, como mostra o esquema.












Considere a ozonólise do composto 1-fenil-2-metilprop-1-eno:













MARTINO, A. Química, a ciência global. Goiânia: Editora W, 2014 (adaptado)



","


Quais são os produtos formados nessa reação?


",        Benzaldeído e propanona.      ,        Propanal e benzaldeído.      ,        2-fenil-etanal e metanal.      ,        Benzeno e propanona.      ,        Benzaldeído e etanal.      ,A,"enem-data/enem-2017/128-images/context_img_0.png,enem-data/enem-2017/128-images/context_img_1.png"
54,124,"

O brinquedo pula-pula (cama elástica) é composto por uma lona circular flexível horizontal presa por molas à sua borda. As crianças brincam pulando sobre ela, alterando e alternando suas formas de energia. Ao pular verticalmente, desprezando o atrito com o ar e os movimentos de rotação do corpo enquanto salta, uma criança realiza um movimento periódico vertical em torno da posição de equilíbrio da lona (h = 0), passando pelos pontos de máxima e de mínima alturas, hmáx e hmin, respectivamente.


","


Esquematicamente, o esboço do gráfico da energia cinética da criança em função de sua posição vertical na situação descrita é:


",enem-data/enem-2017/124-images/alt_img_0.png,enem-data/enem-2017/124-images/alt_img_1.png,enem-data/enem-2017/124-images/alt_img_2.png,enem-data/enem-2017/124-images/alt_img_3.png,enem-data/enem-2017/124-images/alt_img_4.png,C,
