,number,context,question,A,B,C,D,E,answer,context-images
0,1,"


Aquí estoy establecido,
En los Estados Unidos,
Diez años pasaron ya,
En que crucé de mojado,
Papeles no he arreglado,
Sigo siendo un ilegal.
Tengo mi esposa y mis hijos,
Que me los traje muy chicos,
Y se han olvidado ya,
De mi México querido,
Del que yo nunca me olvido,
Y no puedo regresar.
[…]
Mis hijos no hablan conmigo,
Otro idioma han aprendido,
Y olvidado el español,
Piensan como americanos,
Niegan que son mexicanos,
Aunque tengan mi color.

LOS TIGRES DEL NORTE. Jaula de oro. Woodland Hills, Califórnia: Fonovisa, 1986 (fragmento).



","


A letra de canção coloca em cena um dilema por vezes vivenciado por imigrantes. Esse dilema se configura no sentimento do pai em relação ao(à)


","        diluição de sua identidade latino-americana, advinda do contato cotidiano com o outro.      ","        distanciamento dos filhos, gerado pela apropriação da língua e da cultura do outro.      ",        preconceito étnico-racial sofrido pelos imigrantes mexicanos no novo país.      ,        desejo de se integrar à nova cultura e de se comunicar na outra língua.      ,        vergonha perante os filhos de viver ilegalmente em outro país.      ,B,
1,2,"


One of the things that made an incredible impression on me in the film was Frida’s comfort in and celebration of her own unique beauty. She didn’t try to fit into conventional ideas or images about womanhood or what makes someone or something beautiful. Instead, she fully inhabited her own unique gifts, not particularly caring what other people thought. She was magnetic and beautiful in her own right. She painted for years, not to be a commercial success or to be discovered, but to express her own inner pain, joy, family, love and culture. She absolutely and resolutely was who she was. The trueness of her own unique vision and her ability to stand firmly in her own truth was what made her successful in the end.

HUTZLER, L. Disponível em: www.etbscreenwriting.com. Acesso em: 6 maio 2013.



","


A autora desse comentário sobre o filme Frida mostra-se impressionada com o fato de a pintora


",        ter uma aparência exótica.      ,        vender bem a sua imagem.      ,        ter grande poder de sedução.      ,        assumir sua beleza singular.      ,        recriar-se por meio da pintura.      ,D,
2,1,"


Israel Travel Guide
Israel has always been a standout destination. From the days of prophets to the modern day nomad this tiny slice of land on the eastern Mediteranean has long attracted visitors. While some arrive in the ‘Holy Land’ on a spiritual quest, many others are on cultural tours, beach holidays and eco-tourism trips. Weeding through Israel’s convoluted history is both exhilarating and exhausting. There are crumbling temples, ruined cities, abandoned forts and hundreds of places associated with the Bible. And while a sense of adventure is required, most sites are safe and easily accessible. Most of all, Israel is about its incredibly diverse population. Jews come from all over the world to live here, while about 20% of the population is Muslim. Politics are hard to get away from in Israel as everyone has an opinion on how to move the country forward — with a ready ear you’re sure to hear opinions from every side of the political spectrum.

Disponível em: www.worldtravelguide.net. Acesso em: 15 jun. 2012.



","


Antes de viajar, turistas geralmente buscam informações sobre o local para onde pretendem ir. O trecho do guia de viagens de Israel


",        descreve a história desse local para que turistas valorizem seus costumes milenares.      ,        informa hábitos religiosos para auxiliar turistas a entenderem as diferenças culturais.      ,        divulga os principais pontos turísticos para ajudar turistas a planejarem sua viagem.      ,        recomenda medidas de segurança para alertar turistas sobre possíveis riscos locais.      ,        apresenta aspectos gerais da cultura do país para continuar a atrair turistas estrangeiros.      ,E,
3,4,"


El virus del papiloma humano (HPV) también es un problema de hombres
Para algunos hombres, el virus del papiloma humano (HPV) es algo muy lejano. Se olvidan de que ellos también se infectan y de que, al contagiarnos, nos están regalando un pasaporte mágico para el cáncer cérvico-uterino — segunda causa de muerte entre las mujeres de México —; incluso me ha tocado escuchar en boca de algunos de ellos que “sólo se trata de una infeccioncita”. Pues bien, el HPV también es un problema de hombres, no sólo porque propaga la infección entre la población femenina, sino también porque este virus produce otros problemas de salud tanto en hombres como en mujeres, incluyendo verrugas genitales y cáncer de boca y garganta que, si bien no son tan conocidos o alarmantes por su cantidad, como otros tipos de cáncer, también constituyen un riesgo. Por lo anterior, la Academia Americana de Pediatría decidió enfrentarse al HPV mediante vacunas que se ponen tanto a mujeres como hombres. Los especialistas afirman que la vacuna es más efectiva si se administra antes de que el niño se vuelva sexualmente activo, y responde mejor en el organismo de varones entre 9 y 15 años.

ALBITER, K. Disponível em: http://vivirmexico.com. Acesso em: 10 jul. 2012 (adaptado).



","


O texto aborda a temática do HPV. Ao discorrer sobre o contágio e a prevenção do papiloma humano, a autora informa aos leitores que esse vírus é


",        estudado pela Academia Americana de Pediatria por seus efeitos em crianças.      ,        responsável pelo aumento de casos de câncer na população jovem mexicana.      ,        ignorado pelos homens por se restringir à população feminina.      ,        combatido por vacinas que devem ser aplicadas tanto em mulheres quanto em homens.      ,        classificado como um problema superável pela facilidade com que se enfrenta a infecção.      ,D,
4,2,"


Emotivo encuentro en la universidad pública
El entonces mandatario uruguayo recibió el cariño de sus compatriotas residentes en Nueva York e informó sobre la evolución del país, las políticas de gobierno, los avances y cuentas pendientes. Como en ocasiones similares, se multiplicaron las muestras de respeto y emoción. “Una nación es un formidable sentimiento de un ‘nosotros’”, dijo.
Mujica comenzó su discurso relatando lo recogido de otras experiencias de comunidades en el exilio. “Muchos de ustedes echaron raíces, tienen hijos y no pueden cometer la agresión de descuajarle la vida. Tienen que cargar con esa nostalgia de ser de allá, pero estar acá”, dijo.
“Estamos metidos en la lucha por mejorar las circunstancias, con el sueño de que las generaciones que vengan, puedan venir con más soltura, con más apoyo”, dijo el Presidente.
Mujica se refirió a algunas críticas que reciben algunas políticas sociales. “Nos acusan de que damos sin contrapartida. Nos dicen ‘a la gente no hay que darle pescado, sino enseñarle a pescar’. Sí — razonó el Presidente —, pero cuando le afanaste la caña, le afanaste el bote, ¿qué le vas a pedir? Para atrás no arreglamos, arreglamos para adelante.”

Disponível em: www.republica.com.uy. Acesso em: 26 set. 2013 (adaptado).



","


No discurso dirigido aos compatriotas radicados em Nova York, o então presidente Mujica expressa o desejo de que os cidadãos que vivem no Uruguai


",        apoiem as políticas públicas afirmativas.      ,        integrem-se ao processo de globalização.      ,        cultivem o sentimento nacionalista.      ,        ofereçam uma contrapartida à nação.      ,        tenham melhores condições de vida.      ,E,
5,11,"


O mundo revivido
Sobre esta casa e’as árvores que o tempo
esqueceu de levar. Sobre o curral
de pedra e paz e de outras vacas tristes
chorando a lua e a noite sem bezerros.
Sobre a parede larga deste açude
onde outras cobras verdes se arrastavam,
e pondo o sol nos seus olhos parados
iam colhendo sua safra de sapos.
Sob as constelações do sul que a noite
armava e desarmava: as Três Marias,
o Cruzeiro distante e o Sete-Estrelo.
Sobre este mundo revivido em vão,
a lembrança de primos, de cavalos,
de silêncio perdido para sempre.

DOBAL, H. A província deserta . Rio de Janeiro: Artenova, 1974.



","


No processo de reconstituição do tempo vivido, o eu lírico projeta um conjunto de imagens cujo lirismo se fundamenta no


",        inventário das memórias evocadas afetivamente.      ,        reflexo da saudade no desejo de voltar à infância.      ,        sentimento de inadequação com o presente vivido.      ,        ressentimento com as perdas materiais e humanas.      ,        lapso no fluxo temporal dos eventos trazidos à cena.      ,A,
6,3,"


El carpintero
Orlando Goicoechea reconoce las maderas por el olor, de qué árboles vienen, qué edad tienen, y oliéndolas sabe si fueron cortadas a tiempo o a destiempo y les adivina los posibles contratiempos.
Al cabo de tantos años de trabajo, Orlando se ha dado el lujo de comprarse un video, y ve una película tras otra.
No sabía que eras loco por cine le dice el vecino.
Y Orlando le explica que no, que a él ni le va ni le viene, pero gracias al video puede detener las películas para estudiar los muebles.

GALEANO, E. Disponivel em: http://elcajondesastre.blogcindarrio.com. Acesso em: 18 abr. 2012.



","


No conto de Galeano, a expressão ni le va ni le viene encerra uma opinião a respeito de cinema que


",        desconstrói a ideia central do conto sobre a importância das atividades de lazer.      ,        contradiz a percepção que o narrador tem em relação à profissão exercida por Orlando.      ,        revela o descaso do narrador com relação ao ofício desempenhado por Orlando.      ,        reforça a impressão do vizinho de que Orlando gostava de filmes.      ,        evidencia a extrema devoção do carpinteiro ao seu ofício.      ,E,
7,5,"


El eclipse
Cuando Fray Bartolomé Arrazola se sintió perdido aceptó que ya nada podría salvarlo. La selva poderosa de Guatemala lo había apresado, implacable y definitiva. Ante su ignorancia topográfica se sentó con tranquilidad a esperar la muerte. Al despertar se encontró rodeado por un grupo de indígenas de rostro impasible que se disponía a sacrificarlo ante un altar, un altar que a Bartolomé le pareció como el lecho en que descansaría, al fin, de sus temores, de su destino, de sí mismo. Tres años en el país le habían conferido un mediano dominio de las lenguas nativas. Intentó algo. Dijo algunas palabras que fueron comprendidas. Entonces floreció en él una idea que tuvo por digna de su talento y de su cultura universal y de su arduo conocimiento de Aristóteles. Recordó que para ese día se esperaba un eclipse total de sol. Y dispuso, en lo más íntimo, valerse de aquel conocimiento para engañar a sus opresores y salvar la vida. — Si me matáis — les dijo — puedo hacer que el sol se oscurezca en su altura. Los indígenas lo miraron fijamente y Bartolomé sorprendió la incredulidad en sus ojos. Vio que se produjo un pequeño consejo, y esperó confiado, no sin cierto desdén. Dos horas después el corazón de Fray Bartolomé Arrazola chorreaba su sangre vehemente sobre la piedra de los sacrificios (brillante bajo la opaca luz de un sol eclipsado), mientras uno de los indígenas recitaba sin ninguna inflexión de voz, sin prisa, una por una las infinitas fechas en que se producirían eclipses solares y lunares, que los astrónomos de la comunidad maya habían previsto y anotado en sus códices sin la valiosa ayuda de Aristóteles.

MONTERROSO, A. Obras completas y otros cuentos. Bogotá: Norma, 1994 (adaptado).



","


No texto, confrontam-se duas visões de mundo: a da cultura ocidental, representada por Frei Bartolomé Arrazola, e a da mítica pré-hispânica, representada pela comunidade indígena maia. Segundo a narrativa,


",        os catequizadores espanhóis avalizam os saberes produzidos pelas comunidades indígenas hispano-americanas.      ,        os indígenas da comunidade maia mostram-se perplexos diante da superioridade do conhecimento aristotélico do frei espanhol.      ,"        o catequizador espanhol Arrazola apresenta-se adaptado às culturas autóctones, ao promover a interlocução entre os conhecimentos aristotélico e indígena.      ","        o episódio representa, de forma neutra, o significado do conhecimento ancestral indígena, quando comparado ao conhecimento ocidental.      ","        os conhecimentos acadêmicos de Arrazola são insuficientes para salvá-lo da morte, ante a sabedoria astronômica da cultura maia.      ",E,
8,7,"


PROPAGANDA – O exame dos textos e mensagens de Propaganda revela que ele apresenta posições parciais, que refletem apenas o pensamento de uma minoria, como se exprimissem, em vez disso a convicção de uma população; trata-se, no fundo, de convencer o ouvinte ou leitor de que, em termos de opinião, está fora do caminho certo, e de induzi-lo a aderir às teses que lhes são apresentadas, por um mecanismo bem conhecido da psicologia social, o do conformismo induzido por pressões do grupo sobre o indivíduo isolado.

BOBBIP, N.; MATTEUCCI, N.; PASQUINO, G. Dicionário de política. Brasília: UnB, 1998 (adaptado).



","



De acordo com o texto, as estratégias argumentativas e o uso da linguagem na produção da propaganda favorecem a


",        reflexão da sociedade sobre os produtos anunciados.      ,        difusão do pensamento e das preferências das grandes massas.      ,         imposição das ideias e posições de grupos específicos.      ,        decisão consciente do consumidor a respeito de sua compra.      ,        identificação dos interesses do responsável pelo produto divulgado.      ,C,
9,8,"


Sítio Gerimum
Este é o meu lugar (…)
Meu Gerimum é com g
Você pode ter estranhado
Gerimum em abundância
Aqui era plantado
E com a letra g
Meu lugar foi registrado.

OLIVEIRA, H. D. Língua Portuguesa, n. 88, fev. 2013 (fragmento)



","


Nos versos de um menino de 12 anos, o emprego da palavra “Gerimum”grafada com a letra “g” tem por objetivo


",        Valorizar usos informais caracterizadores da norma nacional.      ,        confirmar o uso da norma-padrão em contexto da linguagem poética.      ,        enfatizar um processo recorrente na transformação da língua portuguesa.      ,        registrar a diversidade étnica e linguística presente no território brasileiro.      ,        reafirmar discursivamente a forte relação do falante com seu lugar de origem.      ,E,
10,9,"


Romanos usavam redes sociais há dois mil anos, diz livro
Ao tuitar ou comentar embaixo do post de um de seus vários amigos no Facebook, você provavelmente se sente privilegiado por viver em um tempo na história em que é possível alcançar de forma imediata uma vasta rede de contatos por meio de um simples clique no botão “enviar”. Você talvez também reflita sobre como as gerações passadas puderam viver sem mídias sociais, desprovidas da capacidade de verem e serem vistas, de receber, gerar e interagir com uma imensa carga de informações. Mas o que você talvez não saiba é que os seres humanos usam ferramentas de interação social há mais de dois mil anos. É o que afirma Tom Standage, autor do livro Writing on the Wall — Social Media, The first 2 000 Years (Escrevendo no mural — mídias sociais, os primeiros 2 mil anos, em tradução livre).
Segundo Standage, Marco Túlio Cícero, filósofo e político romano, teria sido, junto com outros membros da elite romana, precursor do uso de redes sociais. O autor relata como Cícero usava um escravo, que posteriormente tornou-se seu escriba, para redigir mensagens em rolos de papiro que eram enviados a uma espécie de rede de contatos. Estas pessoas, por sua vez, copiavam seu texto, acrescentavam seus próprios comentários e repassavam adiante. “Hoje temos computadores e banda larga, mas os romanos tinham escravos e escribas que transmitiam suas mensagens”, disse Standage à BBC Brasil. “Membros da elite romana escreviam entre si constantemente, comentando sobre as últimas movimentações políticas e expressando opiniões.”
Além do papiro, outra plataforma comumente utilizada pelos romanos era uma tábua de cera do tamanho e da forma de um tablet moderno, em que escreviam recados, perguntas ou transmitiam os principais pontos da acta diurna, um “jornal” exposto diariamente no Fórum de Roma. Essa tábua, o “iPad da Roma Antiga”, era levada por um mensageiro até o destinatário, que respondia embaixo da mensagem.

NIDECKER, F. Disponível em: www.bbc.co.uk. Acesso em: 7 nov. 2013 (adaptado).



","


Na reportagem, há uma comparação entre tecnologias de comunicação antigas e atuais. Quanto ao gênero mensagem, identifica-se como característica que perdura ao longo dos tempos o(a)


",        imediatismo das respostas.      ,        compartilhamento de informações.      ,        interferência direta de outros no texto original.      ,        recorrência de seu uso entre membros da elite.      ,        perfil social dos envolvidos na troca comunicativa.      ,B,
11,3,"


Letters
Children and Guns
Published: May 7, 2013
To the Editor: Re “Girl’s Death by Gunshot Is Rejected as Symbol” (news article, May 6):
I find it abhorrent that the people of Burkesville, Ky., are not willing to learn a lesson from the tragic shooting of a 2-year-old girl by her 5-year-old brother. I am not judging their lifestyle of introducing guns to children at a young age, but I do feel that it’s irresponsible not to practice basic safety with anything potentially lethal — guns, knives, fire and so on. How can anyone justify leaving guns lying around, unlocked and possibly loaded, in a home with two young children? I wish the family of the victim comfort during this difficult time, but to dismiss this as a simple accident leaves open the potential for many more such “accidents” to occur. I hope this doesn’t have to happen several more times for legislators to realize that something needs to be changed.
EMILY LOUBATON
Brooklyn, May 6, 2013

Disponível em: www.nytimes.com. Acesso em: 10 maio 2013.



","


No que diz respeito à tragédia ocorrida em Burkesville, a autora da carta enviada ao The New York Times busca


",        reconhecer o acidente noticiado como um fato isolado.      ,        responsabilizar o irmão da vítima pelo incidente ocorrido.      ,        apresentar versão diferente da notícia publicada pelo jornal.      ,        expor sua indignação com a negligência de portadores de armas.      ,        reforçar a necessidade de proibição do uso de armas por crianças.      ,D,
12,5,"


British Government to Recruit Teens as Next Generation of Spies
In the 50 years since the first James Bond movie created a lasting impression of a British secret agent, a completely different character is about to emerge. Britain’s intelligence agencies are to recruit their next generation of cyber spies by harnessing the talents of the “Xbox generation”.
In an expansion of a pilot program, Foreign Secretary William Hague announced Thursday that up to 100 18-year-olds will be given the chance to train for a career in Britain’s secret services. The move to recruit school-leavers marks a break with the past, when agencies mainly drew their staff from among university graduates.
“Young people are the key to our country’s future success, just as they were during the War”, Hague said. “Today we are not at war, but I see evidence every day of deliberate, organized attacks against intellectual property and government networks in the United Kingdom.”
The new recruitment program, called the Single Intelligence Account apprenticeship scheme will enable students with suitable qualifications in science, technology or engineering, to spend two years learning about communications, security and engineering through formal education, technical training and work placements.

JEARY, P. Disponível em: http://worldnews.nbcnews.com. Acesso em: 19 nov. 2012.



","


Segundo informações veiculadas pela NBC News, a geração digital já tem seu espaço conquistado nas agências britânicas de inteligência. O governo britânico decidiu que


",        enfrentará a guerra vigente e deliberada contra a propriedade intelectual no Reino Unido.      ,        abandonará a política de contratação de universitários como agentes secretos.      ,        recrutará jovens jogadores de Xbox como ciberespiões das agências de inteligência.      ,        implantará um esquema de capacitação de adolescentes para atuarem como agentes secretos.      ,        anunciará os nomes dos jovens a serem contratados pelas agências de inteligência.      ,D,
13,10,"


Textos e hipertextos: procurando o equilíbrio
Há um medo por parte dos pais e de alguns professores de as crianças desaprenderem quando navegam, medo de elas viciarem, de obterem informação não confiável, de elas se isolarem do mundo real, como se o computador fosse um agente do mal, um vilão. Esse medo é reforçado pela mídia, que costuma apresentar o computador como um agente negativo na aprendizagem e na socialização dos usuários. Nós sabemos que ninguém corre o risco de desaprender quando navega, seja em ambientes digitais ou em materiais impressos, mas é preciso ver o que se está aprendendo e algumas vezes interferir nesse processo a fim de otimizar ou orientar a aprendizagem, mostrando aos usuários outros temas, outros caminhos, outras possibilidades diferentes daquelas que eles encontraram sozinhos ou daquelas que eles costumam usar. É preciso, algumas vezes, negociar o uso para que ele não seja exclusivo, uma vez que há outros meios de comunicação, outros meios de informação e outras alternativas de lazer. É uma questão de equilibrar e não de culpar.

COSCARELLI, C. V. Linguagem em (Dis)curso, n. 3, set.-dez. 2009.



","


A autora incentiva o uso da internet pelos estudantes, ponderando sobre a necessidade de orientação a esse uso, pois essa tecnologia


",        está repleta de informações confiáveis que constituem fonte única para a aprendizagem dos alunos.      ,        exige dos pais e professores que proíbam seu uso abusivo para evitar que se torne um vício.      ,        tende a se tomar um agente negativo na aprendizagem e na socialização de crianças e jovens.      ,        possibilita maior ampliação do conhecimento de mundo quando a aprendizagem é direcionada.      ,        leva ao isolamento do mundo real e ao uso exclusivo do computador se a navegação for desmedida.      ,D,
14,12,"


A ascensão social por meio do esporte mexe com o imaginário das pessoas, pois em poucos anos um adolescente pode se tornar milionário caso tenha um bom desempenho esportivo. Muitos meninos de famílias pobres jogam com o objetivo de conseguir dinheiro para oferecer uma boa qualidade de vida à família. Isso aproximou mais ainda o futebol das camadas mais pobres da sociedade, tornando-o cada vez mais popular.
Acontece que esses jovens sonham com fama e dinheiro, enxergando no futebol o único caminho possível para o sucesso. No entanto, eles não sabem da grande dificuldade que existe no início dessa jornada em que a minoria alcança a carreira profissional. Esses garotos abandonam a escola pela ilusão de vencer no futebol, à qual a maioria sucumbe.
O caminho até o profissionalismo acontece por meio de um longo processo seletivo que os jovens têm de percorrer. Caso não seja selecionado, esse atleta poderá ter que abandonar a carreira involuntariamente por falta de uma equipe que o acolha. Alguns podem acabar em subempregos, à margem da sociedade, ou até mesmo em vícios de correntes dese fracasso e dessa desilusão. Isso acontece porque no auge da sua formação escolar e na Condição juvenil de desenvolvimento, eles não se preparam e não são devidamente orientados para buscar alternativas de experiências mais amplas de ocupação fora e além do futebol.

BALZANO, O N MORAIS, J. S. A formação do jogador de futebol e sua relação Com a escola EFDeportes, n. 172, set 2012 (adaptado)



","


Ao abordar o fato de, no Brasil, muitos jovens depositarem suas esperanças de futuro no futebol, o texto critica o(a)


",        despreparo dos jogadores de futebol para ajudarem suas famílias a superar a miséria.      ,        garantia de ascensão social dos jovens pela carreira de jogador de futebol.      ,        falta de investimento dos clubes para que os atletas possam atuar profissionalmente e viver do futebol.      ,"        investimento reduzido dos atletas profissionais em sua formação escolar, gerando frustração e desilusão profissional no esporte.      ","        despreocupação dos sujeitos com uma formação paralela à esportiva, para habilitá-los a atuar em Outros setores da vida.      ",E,
15,13,"


Garcia tinha-se chegado ao cadáver, levantara o lenço e contemplara por alguns instantes as feições
defuntas. Depois, como se a morte espiritualizasse tudo, inclinou-se e beijou-a na testa. Foi nesse momento que Fortunato chegou à porta. Estacou assombrado; não podia ser o beijo da amizade, podia ser o epílogo de um livro adúltero […].
Entretanto, Garcia inclinou-se ainda para beijar outra vez o cadáver, mas então não pôde mais. O beijo rebentou em soluços, e os olhos não puderam conter as lágrimas, que vieram em borbotões, lágrimas de amor calado, e irremediável desespero. Fortunato, à porta, onde ficara, saboreou tranquilo essa explosão de dor moral que foi longa, muito longa, deliciosamente longa.

ASSIS, M. A causa secreta, Disponível em: www.dominimopublico.gov.br
Acesso em: 9 out. 2015.



","


No fragmento, o narrador adota um ponto de vista que acompanha a perspectiva de Fortunato. O que singulariza esse procedimento narrativo é o registro do(a)


",        indignação face à suspeita do adultério da esposa.      ,        tristeza compartilhada pela perda da mulher amada.      ,        espanto diante da demonstração de afeto de Garcia.      ,        prazer da personagem em relação ao sofrimento alheio.      ,        superação do ciúme pela comoção decorrente da morte.      ,D,
16,15,"


TEXTO I
Terezinha de Jesus
De uma queda foi ao chão
Acudiu três cavalheiros
Todos os três de chapéu na mão
O primeiro foi seu pai
O segundo, seu irmão
O terceiro foi aquele
A quem Tereza deu a mão

ATISTA, M. F. B. M.; SANTOS, I. M. F. (Org.). Cancioneiro da Paraíba. João Pessoa: Grafset, 1993 (adaptado).





TEXTO II
Outra interpretação é feita a partir das condições sociais daquele tempo. Para a ama e para a criança para quem cantava a cantiga, a música falava do casamento como um destino natural na vida da mulher, na sociedade brasileira do século XIX, marcada pelo patriarcalismo. A música prepara a moça para o seu destino não apenas inexorável, mas desejável: o casamento, estabelecendo uma hierarquia de obediência (pai, irmão mais velho, marido), de acordo com a época e circunstâncias de sua vida.

Disponível em: http://provsjose.blogspot.com.br. Acesso em: 5 dez. 2012.



","


 
O comentário do texto II sobre o texto I evoca a mobilização da língua oral que, em determinados
contextos,


",        assegura a existência de pensamentos contrários à ordem vigente.      ,        mantém a heterogeneidade das formas de relações sociais.      ,        conserva a influência religiosa sobre certas culturas.      ,        preserva a diversidade cultural e comportamental.      ,        reforça comportamentos e padrões culturais.      ,E,
17,18,"


A língua tupi no Brasil
Há 300 anos, morar na vila de São Paulo de Piratininga (peixe seco, em tupi) era quase sinônimo de falar língua de índio. Em cada cinco habitantes da cidade, só dois conheciam o português. Por isso, em 1698, o governador da província, Artur de Sá e Meneses, implorou a Portugal que só mandasse padres que soubessem “a língua geral dos índios”, pois “aquela gente não se explica em outro idioma”.
Derivado do dialeto de São Vicente, o tupi de São Paulo se desenvolveu e se espalhou no século XVII, graças ao isolamento geográfico da cidade e à atividade pouco cristã dos mamelucos paulistas: as bandeiras, expedições ao Sertão em busca de escravos índios. Muitos bandeirantes nem sequer falavam o português ou se expressavam mal. Domingos Jorge Velho, o paulista que destruiu o Ouilombo dos Palmares em 1694, foi descrito pelo bispo de Pernambuco como “um bárbaro que nem falar sabe”. Em suas andanças, essa gente batizou lugares como Avanhandava (lugar onde o índio corre), Pindamonhangaba (lugar de fazer anzol) e Itu (cachoeira). E acabou inventando uma nova língua. “
Os escravos dos bandeirantes vinham de mais de 100 tribos diferentes”, conta o historiador e antropólogo John Monteiro, da Universidade Estadual de Campinas. “Isso mudou o tupi paulista, que, além da influência do português, ainda recebia palavras de outros idiomas.” O resultado da mistura ficou conhecido como língua geral do sul, uma espécie de tupi facilitado.

ÂNGELO, C. Disponível em: <http://super.abril.com.br>. Acesso em: 8 ago. 2012. (Adaptado).



","


O texto trata de aspectos sócio-históricos da formação linguística nacional. Ouanto ao papel do tupinaformação do português brasileiro, depreende-se que essa língua indígena


","        contribuiu efetivamente para o léxico, com nomes relativos aos traços característicos dos lugares designados.      ","        originou o português falado em São Paulo no século XVII, em cuja base gramatical também está a fala de variadas etnias indígenas.      ","        desenvolveu-se sob influência dos trabalhos de catequese dos padres portugueses, vindos de Lisboa.      ","        misturou-se aos falares africanos, em razão das interações entre portugueses e negros nas investidas contra o Ouilombo dos Palmares.      ","        expandiu-se paralelamente ao português falado pelo colonizador, e juntos originaram a língua dos bandeirantes paulistas.      ",A,
18,6,"


TEXTO I
Criatividade em publicidade: teorias e reflexões
Resumo: O presente artigo aborda uma questão primordial na publicidade: a criatividade. Apesar de aclamada pelos departamentos de Criação das agências, devemos ter a consciência de que nem todo anúncio é, de fato, criativo. A partir do resgate teórico, no qual os Conceitos são tratados à luz da publicidade, busca-se estabelecer a compreensão dos temas. Para elucidar tais questões, é analisada uma campanha impressa da marca XXXX. As reflexões apontam que a publicidade criativa é essencialmente simples e apresenta uma releitura do cotidiano.

Depexe, S D. Travessias: Pesquisas em Educação, Cultura, Linguagem e Artes, n. 2, 2008.










","


 
Os dois textos apresentados versam sobre o tema Criatividade. O Texto I é um resumo de Caráter Científico e o Texto II, uma homenagem promovida por um site de publicidade. De que maneira O Texto II exemplifica o conceito de criatividade em publicidade apresentado no Texto I?


",        Fazendo menção ao difícil trabalho das mães em criar seus filhos.      ,        Promovendo uma leitura simplista do papel materno em seu trabalho de criar os filhos.      ,        Explorando a polissemia do termo “criação”.      ,        Recorrendo a uma estrutura linguística simples.      ,        Utilizando recursos gráficos diversificados.      ,C,enem-data/enem-2017/6-images/context_img_0.png
19,19,"


O farrista
Quando o almirante Cabral
Pôs as patas no Brasil
O anjo da guarda dos índios
Estava passeando em Paris.
Quando ele voltou de viagem
O holandês já está aqui.
O anjo respira alegre:
“Não faz mal, isto é boa gente,
Vou arejar outra vez.”
O anjo transpôs a barra,
Diz adeus a Pernambuco,
Faz barulho, vuco-vuco,
Tal e qual o zepelim
Mas deu um vento no anjo,
Ele perdeu a memória.
E não voltou nunca mais.

MENDES, M. História do Brasil. Rio de Janeiro: Nova Fronteira, 1992



","


A Obra de Murilo Mendes situa-se na fase inicial do Modernismo, cujas propostas estéticas transparecem, no poema, por um eu lírico que


",        configura um ideal de nacionalidade pela integração regional.      ,        remonta ao colonialismo assente sob um viés iconoclasta.      ,        repercute as manifestações do sincretismo religioso.      ,        descreve a gênese da formação do povo brasileiro.      ,        promove inovações no repertório linguístico.      ,B,
20,20,"


Uma noite em 67, de Renato Tera e Ricardo Calil.
Editora Planeta, 296 páginas.
Mas foi um noite, aquela noite de sábado 21 de outubro de 1967, que parou o nosso país. Parou pra ver a finalíssima do III Festival da Record, quando um jovem de 24 anos chamado Eduardo Lobo, o Edu Lobo, saiu carregado do Teatro Paramount em São Paulo depois de ganhar o prêmio máximo do festival com Ponteio, que cantou acompanhado da charmosa e iniciante Marília Medalha.
Foi naquele noite que Chico Buarque entoou sua Roda viva ao lado do MPB-4 de Magro, o arranjador. Que Caetano Veloso brilhou cantando Alegria, alegria com a plateia ao com das guitarras dos Beat Boys, que Gilberto Gil apresentou a tropicalista Domingo no parque com os Mutantes.
Aquela noite que acabou virando filme, em 2010, nas mãos de Renato Terra e Ricardo Calil, agora virou livro. O livro que está sendo lançado agora é a história daquela noite, ampliada e em estado que no jargão jornalístico chamamos de matéria bruta. Quem viu o filme vai se deliciar com as histórias – e algumas fofocas – que cada um tem para contar, agora sem os contes necessários que um filme exige. E quem não viu o filme tem diante de si um livro de histórias, pensando bem, de História.

VILLAS, A. Disponível em: www.cartacapital.com.br. Acessado em: 18 jun. 2014 (adaptado).



","


Considerando os elementos constitutivos dos gêneros textuais circulantes na sociedade, nesse fragmento de resenha predominam


",        caracterização de personalidades do contexto musical brasileiro dos anos 1960.      ,        questões polêmicas direcionadas à produção musical brasileira nos anos 1960.      ,        relatos de experiências de artistas sobre os festivais de música de 1967.      ,        explicação sobre o quadro cultural do Brasil durante a década de 1960.      ,        opinião a respeito de uma obra sobre cena musical de 1967.      ,E,
21,22,"


Nuances
Euforia: alegria barulhenta. Felicidade: alegria silenciosa.
Gravar: quando o ator é de televisão. Filmar: quando ele quer deixar claro que não é de televisão.
Grávida: em qualquer ocasião. Gestante: em filas e assentos preferenciais.
Guardar: na gaveta. Salvar: no Computador. Salvaguardar: no Exército.
Menta: no sorvete, na bala ou no xarope.
Hortelã: na horta ou no suco de abacaxi.
Peça: quando você vai assistir. Espetáculo: quando você está em cartaz com ele.

DUVIVIER, G. Folha de S. Paulo, 24 mar. 2014 (adaptado)



","


O texto trata da diferença de sentido entre vocábulos muito próximos. Essa diferença é apresentada considerando-se a(s)


",        alternâncias na sonoridade.      ,        adequação às situações de uso.      ,        marcação flexional das palavras.      ,        grafia na norma-padrão da língua.      ,        categorias gramaticais das palavras.      ,B,
22,25,"


TEXTO I
A língua ticuna é o idioma mais falado entre os indígenas brasileiros. De acordo com o pesquisador Aryon Rodrigues, há 40 mil índios que falam o idioma. A maioria mora ao longo do Rio Solimões, no Alto Amazonas. É a maior nação indígena do Brasil, sendo também encontrada no Peru e na Colômbia. Os ticunas falam uma língua considerada isolada, que não mantém semelhança com nenhuma outra língua indígena e apresenta complexidades em sua fonologia e sintaxe.
Sua característica principal é o uso de diferentes alturas na voz.
O uso intensivo da língua não chega a ser ameaçado pela proximidade de cidades ou mesmo pela convivência com falantes de outras línguas no interior da própria área ticuna: nas aldeias, esses outros falantes são minoritários e acabam por se submeter à realidade ticuna, razão pela qual, talvez, não representem uma ameaça linguística.

Lingua Portuguesa, n. 52, few 2010 (adaptado)





TEXTO II
Riqueza da língua
“O inglês está destinado a ser uma língua mundial em sentido mais amplo do que o latim foi na era passada e o francês é na presente”, dizia o presidente americano John Adams no século XVIII. A profecia se cumpriu o inglês é hoje a língua franca da globalização. No extremo oposto da economia linguística mundial, estão as línguas de pequenas comunidades declinantes. Calcula-se que hoje se falem de 6 000 a 7 000 línguas no mundo todo. Quase metade delas deve desaparecer nos próximos 100 anos, A última edição do Ethnologue – o mais abrangente estudo sobre as línguas mundiais -, de 2005, listava 516 línguas em risco de extinção.

Veja, n. 36, set 2007 (adaptado).



","


Os textos tratam de línguas de culturas completamente diferentes, cujas realidades se aproximam em função do(a)


",        semelhança no modo de expansão.      ,        preferência de uso na modalidade falada.      ,        modo de organização das regras sintáticas.      ,        predomínio em relação às outras línguas de contato.      ,        fato de motivarem o desaparecimento de línguas minoritárias.      ,D,
23,23,"


Declaração de amor
Esta é uma confissão de amor: amo a língua portuguesa. Ela não é fácil. Não é maleável. […] A língua portuguesa é um verdadeiro desafio para quem escreve. Sobretudo para quem escreve tirando das coisas e das pessoas a primeira capa de superficialismo.
Às vezes ela reage diante de um pensamento mais c omplicado. As vezes se assusta com o imprevisível de uma frase. Eu gosto de manejá-la – Como gostava de estar montada num cavalo e guiá-lo pelas rédeas, às vezes a galope. Eu queria que a língua portuguesa chegasse ao máximo em minhas mãos. E este desejo todos os que escrevem têm. Um Camões e outros iguais não bastaram para nos dar para sempre uma herança de língua já feita. Todos nós que escrevemos estamos fazendo do túmulo do pensamento alguma coisa que lhe dê vida.
Essas dificuldades, nós as temos. Mas não fale do encantamento de lidar com uma língua que não foi aprofundada. O que recebi de herança não me chega.
Se eu fosse muda e também não pudesse escrever, e me perguntassem a que língua eu queria pertencer, eu diria. inglês, que é preciso e belo. Mas, como não nasci muda e pude escrever, tornou-se absolutamente claro para mim que eu queria mesmo era escrever em português. Eu até queria não ter aprendido outras línguas: só para que a minha abordagem do português fosse virgem e límpida.

LISPECTOR, C. A descoberta do mundo Rio de Janeiro Rocco, 1999 (adaptado).



","


O trecho em que Clarice Lispector declara seu amor pela língua portuguesa, acentuando seu caráter patrimonial e Sua capacidade de renovação, é


",        “A língua portuguesa é um verdadeiro desafio para quem escreve.”      ,        “Um Camões e outros iguais não bastaram para nos dar para sempre uma herança de língua já feita.”      ,        “Todos nós que escrevemos estamos fazendo do túmulo do pensamento alguma coisa que lhe dê Vida.”      ,        “Mas não falei do encantamento de lidar com uma língua que não foi aprofundada.”      ,        “Eu até queria não ter aprendido outras línguas: só para que a minha abordagem do português fosse Virgem e límpida.”      ,B,
24,4,"










Reader’s Digest, set. 1993.



","


Nesse texto publicitário são utilizados recursos verbais e não verbais para transmitir a mensagem. Ao associar os termos anyplace e regret à imagem do texto, constata-se que o tema da propaganda é a importância da


",        preservação do meio ambiente.      ,        manutenção do motor.      ,        escolha da empresa certa.      ,        consistência do produto.      ,        conservação do carro.      ,C,enem-data/enem-2017/4-images/context_img_0.png
25,17,"







","


O consumidor do século XXI, chamado de novo consumidor social, tende a se comportar de modo diferente do consumidor tradicional. Pela associação das características apresentadas no diagrama, infere-se que esse novo consumidor sofre influência da
 


",        cultura do comércio eletrônico.      ,        busca constante pelo menor preço.      ,        divulgação de informações pelas empresas.      ,        necessidade recorrente de consumo.      ,        postura comum aos consumidores tradicionais.      ,A,enem-data/enem-2017/17-images/context_img_0.png
26,27,"


E aqui, antes de continuar este espetáculo, e necessário que façamos uma advertência a todos e a cada um. Neste momento, achamos fundamental que cada um tome uma posição definida. Sem que cada um tome uma posição definida, não é possível continuarmos. É fundamental que cada um tome uma posição, seja para a esquerda, seja para a direita. Admitimos mesmo que alguns tomem uma posição neutra, fiquem de braços cruzados. Mas é preciso que cada um, uma vez tomada sua posição, fique nela! Porque senão, companheiros, as cadeiras do teatro rangem muito e ninguém ouve nada.

FERNANDES, M.; RANGEL, F. Liberdade, liberdade. Porto Alegre: L&PM, 2009,



","


A peça Liberdade, liberdade, encenada em 1964, apresenta o impasse vivido pela sociedade brasileira em face do regime vigente. Esse impasse é representado no fragmento pelo(a)


",        barulho excessivo produzido pelo ranger das cadeiras do teatro.      ,        indicação da neutralidade como a melhor opção ideológica naquele momento.      ,        constatação da censura em função do engajamento social do texto dramático.      ,        correlação entre o alinhamento politico e a posição corporal dos espectadores.      ,        interrupção do espetáculo em virtude do comportamento inadequado do público.      ,D,
27,32,"


Naquela manhã de céu limpo e ar leve, devido à chuva torrencial da noite anterior, saí a caminhar com o sol ainda escondido para tomar tenência dos primeiros movimentos da vida na roça. Num demorou nem um tiquinho e o cheiro intenso do café passado por Dona Linda me invadiu as narinas e fez a fome se acordar daquela rema letárgica derivada da longa noite de sono. Levei as mãos até a água que corria pela bica feita de bambu e o contato gelado foi de arrepiar. Mas fui em frente e levei as mãos em concha até o rosto. Com o impacto, recuei e me faltou o fôlego por alguns instantes, mas o despertar foi imediato. Já aceso, entrei na cozinha na buscação de derrubar a fome e me acercar do aconchego do calor do fogão à lenha. Foi quando dei reparo da figura esguia e discreta de uma senhora acompanhada de um garoto aparentando uns cinco anos de idade já aboletada na ponta da mesa em proseio íntimo com a dona da casa. Depois de um vigoroso “Bom dia!”, de um vaporoso aperto de mãos nas  apresentações de praxe, fiquei sabendo que Dona Flor de Maio levava o filho Adão para tratamento das feridas que pipocavam por seu corpo, provocando pequenas pústulas de bordas avermelhadas.

GUIÂO, M. Disponível em: www.revistaecologico.com.br. Acesso em: 10 mar. 2014 (adaptado)



","


A variedade linguística da narrativa é adequada à descrição dos fatos. Por isso, a escolha de determinadas palavras e expressões usadas no texto está a serviço da


",        localização dos eventos de fala no tempo ficcional      ,        composição da verossimilhança do ambiente retratado.      ,        restrição do papel do narrador à observação das cenas relatadas.      ,        construção mística das personagens femininas pelo autor do texto.      ,        caracterização das preferências linguísticas da personagem masculina.      ,B,
28,29,"


Fim de semana no parque
Olha o meu povo nas favelas e vai perceber
Daqui eu vejo uma caranga do ano
Toda equipada e o tiozinho guiando
Com seus filhos ao lado estão indo ao parque
Eufóricos brinquedos eletrônicos
Automaticamente eu imagino
A molecada lá da área como é que tá
Provavelmente correndo pra lá e pra cá
Jogando bola descalços nas ruas de terra
É, brincam do jeito que dá
[…]
Olha só aquele clube, que da hora
Olha aquela quadra, olha aquele campo, olha
Olha quanta gente
Tem sorveteria, cinema, piscina quente
[…]
Aqui não vejo nenhum clube poliesportivo
Pra molecada frequentar nenhum incentivo
O investimento no lazer é muito escasso
O centro comunitário é um fracasso

RACIONAIS MCs. Racionais MCs. São Paulo: Zimbabwue, 1994 (fragmento)



","


A letra da canção apresenta uma realidade social quanto à distribuição distinta dos espaços de lazer que


","        retrata a ausência de opções de lazer para a população de baixa renda, por falta de espaço adequado.      ","        ressalta a irrelevância das opções de lazer para diferentes classes sociais, que o acessam à sua maneira.      ",        expressa o desinteresse das classes sociais menos favorecidas economicamente pelas atividades de lazer.      ,"        implica condições desiguais de acesso ao lazer, pela falta de infraestrutura e investimentos em equipamentos.      ","        aponta para o predomínio do lazer contemplativo, nas classes favorecidas economicamente; e do prático, nas menos favorecidas.      ",D,
29,26,"


A atrizes
Naturalmente
Ela sorria
Mas não me dava trela
Trocava a roupa
Na minha frente
E ia bailar sem mais aquela
Escolhia qualquer um
Lançava olhares
Debaixo do meu nariz
Dançava colada
Em novos pares
Com um pé atrás
Com um pé a fim
–
Surgiram outras
Naturalmente
Sem nem olhar a minha Cara
Tomavam banho
Na minha frente
Para Sair com outro cara
Porém nunca me importei
Com tais amantes
(…)
com tantos filmes
Na minha mente
É natural que toda atriz
Presentemente represente
Muito para mim

CHICOBUARQUE Carioca, Rio de Janeiro Biscoito Fino, 2006 (fragmento)



","


Na Canção, Chico Buarque trabalha uma determinada função da linguagem para marcar a subjetividade do eu lírico ante as atrizes que ele admira. A intensidade dessa admiração está marcada em
 


",        “Naturalmente. Ela sorria/ Mas não me dava trela”      ,        “Tomavam banho/ Na minha frente/ Para sair com outro Cara”.      ,        “Surgiram outras Naturalmente/ Sem nem olhar a minha Cara”.      ,        “Escolhia qualquer um/Lançava olhares / Debaixo do meu nariz”.      ,        “É natural que toda atriz Presentemente represente/ Muito para mim”.      ,E,
30,33,"


Zé Araújo começou a cantar num tom triste, dizendo aos curiosos que começaram a chegar que uma mulher tinha se ajoelhado aos pés da santa cruz e jurado em nome de Jesus um grande  amor, mas jurou e não cumpriu,  fingiu e me enganou, pra mim você mentiu, pra Deus você pecou, o coração tem razões que a própria razão desconhece, faz promessas e juras, depois esquece.
O caboclo estava triste e inspirado. Depois dessa canção que arrepiou os cabelos da Neusa, emendou com uma valsa mais arretada ainda, cheia de palavras difíceis, mas bonita que só a gota serena. Era a história de uma boneca encantadora vista numa vitrine de cristal sobre o soberbo pedestal. Zé Araújo fechava os olhos e soltava a voz:

Seus cabelos tinham a cor/ Do sol a irradiar/
Fulvos raios de amor./ Seus olhos eram circúnvagos/
Do romantismo azul dos lagos/ Mãos liriais, uns braços divinais,/
Um corpo alvo sem par/ E os pés
muito pequenos./Enfim eu vi nesta boneca/ Uma perfeita Vênus.

CASTRO, N. L. As pelejas de Ojuara o homem que desafiou o diabo. São Paulo: Arx, 2006 (adaptado).



","


O comentário do narrador do romance “[…] emendou com uma valsa mais arretada ainda, cheia de palavras difíceis, mas bonita que só a gota serena” relaciona-se ao fato de que essa valsa é representativa de uma variedade linguística


",        detentora de grande prestígio social.      ,        específica da modalidade oral da língua.      ,        previsível para o contexto social da narrativa.      ,        constituída de construções sintáticas complexas.      ,        valorizadora do conteúdo em detrimento da forma.      ,A,
31,28,"










Revista Bolsa, 1986. In: CARRASCOZA, J. A. A evolução do texto publicitário: a associação de palavras como elemento de sedução na publicidade. São Paulo: Futura, 1999 (adaptado).



","


Nesse cartaz publicitário de uma empresa de papel e celulose, a combinação dos elementos verbais e não verbais visa


","        justificar os prejuízos ao meio ambiente, ao vincular a empresa à difusão da cultura.      ","        incentivar a leitura de obras literárias, ao referir-se a títulos consagrados do acervo mundial.      ","        seduzir o consumidor, ao relacionar o anunciante às histórias clássicas da literatura universal.      ",        promover uma reflexão sobre a preservação ambiental ao aliar o desmatamento aos clássicos da literatura.      ,"        construir uma imagem positiva do anunciante, ao associar a exploração alegadamente sustentável à produção de livros.      ",E,enem-data/enem-2017/28-images/context_img_0.png
32,37,"


Contranarciso
em mim
eu vejo o outro
e outro
e outro
enfim dezenas
trens passando
vagões cheios de gente
centenas
o outro
que há em mim
é você
você
e você
assim como
eu estou em você
eu estou nele
em nós
e só quando
estamos em nós
estamos em paz
mesmo que estejamos a sós

Leminsky P. Toda poesia. São Paulo: Cia. das Letras, 2013.



","


A busca pela identidade constitui uma faceta da tradição literária, redimensionada pelo olhar contemporâneo. No poema, essa nova dimensão revela a


",        ausência de traços identitários.      ,        angústia com a solidão em público.      ,        valorização da descoberta do “eu” autêntico.      ,        percepção da empatia como fator de autoconhecimento.      ,        impossibilidade de vivenciar experiências de pertencimento.      ,D,
33,38,"


O homem disse, Está a chover, e depois, Quem é você, Não sou daqui, Anda à procura de comida, Sim, há quatro dias que não comemos, E como sabe que são quatro dias, É um cálculo, Está sozinha, Estou com o meu marido e uns companheiros, Quantos são, Ao todo, sete, Se estão a pensar em ficar conosco, tirem daí o sentido, já somos muitos, Só estamos de passagem, Donde vêm, Estivemos internados desde que a cegueira começou, Ah, sim, a quarentena, não serviu de nada, Por que diz isso, Deixaram-nos sair, Houve um incêndio e nesse momento percebemos que os soldados que nos vigiavam tinham desaparecido, E saíram, Sim, Os vossos soldados devem ter sido dos últimos a cegar, toda a gente está cega, Toda a gente, a cidade toda, o país,

SARAMAGO, J. Ensaio sobra a cegueira. São Paulo: Cia. das Letras, 1995.



","


A cena retrata as experiências das personagens em um país atingido por uma epidemia. No diálogo, a violação de determinadas regras de pontuação


",        revela uma incompatibilidade entre o sistema de pontuação convencional e a produção do gênero romance.      ,        provoca uma leitura equivocada das frases interrogativas e prejudica a verossimilhança.      ,        singulariza o estilo do autor e auxilia na representação do ambiente caótico.      ,        representa uma exceção às regras do sistema de pontuação canônica.      ,        colabora para a construção da identidade do narrador pouco escolarizado.      ,C,
34,35,"







","


Campanhas publicitárias podem evidenciar problemas sociais. O Cartaz tem como finalidade


","        alertar os homens agressores sobre as consequências de seus atos,      ",        Conscientizar a população sobre a necessidade de denunciar a violência doméstica.      ,        instruir as mulheres sobre o que fazer em casos de agressão.      ,        despertar nas crianças a capacidade de reconhecer atos de violência doméstica.      ,        exigir das autoridades ações preventivas contra a Violência doméstica.      ,B,enem-data/enem-2017/35-images/context_img_0.png
35,31,"







","


A instalação Dengo transformou a sala do MAM-SP em um ambiente singular, explorando como principal característica artística a


",        participação do público na interação lúdica com a obra.      ,        distribuição de obstáculos no espaço da exposição.      ,        representação simbólica de objetos oníricos.      ,        interpretação subjetiva da lei da gravidade      ,        valorização de técnicas de artesanato.      ,A,enem-data/enem-2017/31-images/context_img_0.png
36,40,"


No esporte-participação ou esporte popular, a manifestação ocorre no princípio do prazer lúdico, que tem como finalidade o bem-estar social dos seus praticantes. Está associado intimamente com o lazer e o tempo livre e ocorre em espaços não comprometidos com o tempo e fora das obrigações da vida diária. Tem como propósitos a descontração, a diversão, o desenvolvimento pessoal e o relacionamento com as pessoas. Pode-se afirmar que o esporte-participação, por ser a dimensão social do esporte mais inter-relacionada com os caminhos democráticos, equilibra o quadro de desigualdades de oportunidades esportivas encontrado na dimensão esporte-performance. Enquanto o esporte-performance só permite sucesso aos talentos ou àqueles que tiveram condições, o esporte-participação favorece o prazer a todos que dele desejarem tomar parte.

GODTSFRIEDT, J. Esporte e sua relação com a sociedade: uma síntese bibliográfica. EFDeportes, n. 142, mar. 2010.



","


O sentido de esporte-participação construído no texto está fundamentalmente presente


","        nos Jogos Olímpicos, uma vez que reúnem diversos países na disputa de diferentes modalidades esportivas.      ","        nas competições de esportes individuais, uma vez que o sucesso de um indivíduo incentiva a participação dos demais.      ","        nos campeonatos oficiais de futebol, regionais e nacionais, por se tratar de uma modalidade esportiva muito popular no país.      ","        nas competições promovidas pelas federações e confederações, cujo objetivo é a formação e a descoberta de talentos.      ","        nas modalidades esportivas adaptadas, cujo objetivo é o maior engajamento dos cidadãos.      ",E,
37,42,"


João/Zero (Wagner Moura) é um cientista genial, mas infeliz porque há 20 anos atrás foi humilhado publicamente durante uma festa e perdeu Helena (Alinne Moraes), uma antiga e eterna paixão. Certo dia, uma experiência com um de seus inventos permite que ele faça uma viagem no tempo, retornando para aquela época e podendo interferir no seu destino. Mas quando ele retorna, descobre que sua vida mudou totalmente e agora precisa encontrar um jeito de mudar essa história, nem que para isso tenha que voltar novamente ao passado. Será que ele conseguirá acertar as coisas?

Disponível em: http://adorocinema.com. Acesso em: 4 out. 2011.



","


Qual aspecto da organização gramatical atualiza os eventos apresentados na resenha, contribuindo para despertar o interesse do leitor pelo filme?


","        O emprego do verbo haver, em vez de ter, em “há 20 anos atrás foi humilhado”.      ","        A descrição dos fatos com verbos no presente do indicativo, como “retorna” e “descobre”.      ",        A repetição do emprego da conjunção “mas” para contrapor ideias.      ,"        A finalização do texto com a frase de efeito ""Será que ele conseguirá acertar as coisas?"".      ","        O uso do pronome de terceira pessoa “ele” ao longo do texto para fazer referência ao protagonista ""João/Zero"".      ",B,
38,34,"


A lavadeira começou a viver como uma serviçal que impõe respeito e não mais como escrava. Mas essa regalia súbita foi efêmera. Meus irmãos, nos frequentes deslizes que adulteravam este novo relacionamento, eram dardejados pelo olhar severo de Emilie; eles nunca suportaram de bom grado que uma índia passasse a comer na mesa da sala, usando os mesmos talheres e pratos, e comprimindo com os lábios o mesmo cristal dos copos e a mesma porcelana das xícaras de café. Uma espécie de asco e repulsa tingia-lhes o rosto, já não comiam com a mesma saciedade e recusavam-se a elogiar os pastéis de picadinho de carneiro, os folheados de nata e tâmara, e o arroz com amêndoas, dourado, exalando um cheiro de cebola tostada. Aquela mulher, sentada e muda, com o rosto rastreado de rugas, era capaz de tirar o sabor e o odor dos alimentos e de suprimir a voz e o gesto como se o seu silêncio ou a sua presença que era só silêncio impedisse o outro de viver.

HATOUM, M. Relato de um certo Oriente. São Paulo: Cia. das Letras, 2000.



","


Ao apresentar uma situação de tensão em família, o narrador destila, nesse fragmento, uma percepção das relações humanas e sociais demarcada pelo


",        predomínio dos estigmas de classe e de raça sobre a intimidade da convivência.      ,        discurso da manutenção de uma ética doméstica contra a subversão dos valores.      ,        desejo de superação do passado de escassez em prol do presente de abastança.      ,        sentimento de insubordinação à autoridade representada pela matriarca da família.      ,        rancor com a ingratidão e a hipocrisia geradas pelas mudanças nas regras da casa.      ,A,
39,36,"


TEXTO I
Fundamentam-se as regras da Gramática Normativa nas obras dos grandes escritores, em cuja linguagem as classes ilustradas põem o seu ideal de perfeição, porque nela é que se espelha o que o uso idiomático estabilizou e consagrou.

LIMA, C. H. R. Gramática normativa da língua portuguesa, Rio de Janeiro José Olympio, 1989





TEXTO II
Gosto de dizer. Direi melhor: gosto de palavrar. As palavras são para mim corpos tocáveis, sereias visíveis, sensualidades incorporadas. Talvez porque a sensualidade real não tem para mim interesse de nenhuma espécie – nem sequer mental ou de sonho -, transmudou-se-me o desejo para aquilo que em mim Cria ritmos Verbais, ou os escuta de Outros. Estremeço se dizem bem. Tal página de Fialho, tal página de Chateaubriand, fazem formigar toda a minha vida em todas as veias, fazem-me raivar tremulamente quieto de um prazer inatingível que estou tendo. Tal página, até, de Vieira, na sua fria perfeição de engenharia sintáctica, me faz tremer como um ramo ao vento, num delírio passivo de coisa movida.

PESSOA, F. O livro do desassossego São Paulo Brasiliense, 1986



","


A linguagem cumpre diferentes funções no processo de comunicação. A função que predomina nos textos I e II


","        destaca o “como” se elabora a mensagem, Considerando-se a seleção, Combinação e sonoridade do texto.      ","        Coloca o foco no “Com o quê” se constrói a mensagem, sendo o código utilizado o seu próprio objeto.      ","        focaliza o “quem” produz a mensagem, mostrando seu posicionamento e suas impressões pessoais.      ","        O orienta-se no “para quem” se dirige a mensagem, estimulando a mudança de seu comportamento.      ","        enfatiza sobre “o quê” versa a mensagem, apresentada com palavras precisas e objetivas.      ",B,
40,30,"









TEXTO II
Speto
Paulo César Silva, mais conhecido como Speto, é um grafiteiro paulista envolvido com o skate e a música. O fortalecimento de sua arte ocorreu, em 1999, pela oportunidade de ver de perto as referências que trazia há tempos, ao passar por diversas cidades do Norte do Brasil em uma turnê com a banda O Rappa

Revista Zupi, n. 19, 2010



","


O grafite do artista paulista Speto, exposto no Museu Afro Brasil, revela elementos da cultura brasileira reconhecidos


",        na influência da expressão abstrata.      ,        na representação de lendas nacionais.      ,        na inspiração das composições musicais.      ,        nos traços marcados pela xilogravura nordestina.      ,        nos usos característicos de grafismos dos skates.      ,D,enem-data/enem-2017/30-images/context_img_0.png
41,44,"


Aí pelas três da tarde
Nesta sala atulhada de mesas, máquinas e papéis, onde invejáveis escreventes dividiram entre si o bom senso do mundo, aplicando-se em ideias claras apesar do ruído e do mormaço, seguros ao se pronunciarem sobre problemas que afligem o homem moderno (espécie da qual você, milenarmente cansado, talvez se sinta um tanto excluído), largue tudo de repente sob os olhares a sua volta, componha uma cara de louco quieto e perigoso, faça os gestos mais calmos quanto os tais escribas mais severos, dê um largo “ciao” ao trabalho do dia, assim como quem se despede da vida, e surpreenda pouco mais tarde, com sua presença em hora tão insólita, os que estiveram em casa ocupados na limpeza dos armários, que você não sabia antes como era conduzida. Convém não responder aos olhares interrogativos, deixando crescer, por instantes, a intensa expectativa que se instala. Mas não exagere na medida e suba sem demora ao quarto, libertando aí os pés das meias e dos sapatos, tirando a roupa do corpo como se  retirasse a importância das coisas, pondo-se enfim em vestes mínimas, quem sabe até em pelo, mas sem ferir o decoro (o seu decoro, está claro), e aceitando ao mesmo tempo, como boa verdade provisória, toda mudança de comportamento.

NASSAR, R. Menina a caminho. São Paulo: Cia. das Letras, 1997.



","


Em textos de diferentes gêneros, algumas estratégias argumentativas referem-se a recursos linguístico-discursivos mobilizados para envolver o leitor. No texto, caracteriza-se como estratégia de envolvimento a


","        prescrição de comportamentos, como em: “[...] largue tudo de repente sob os olhares a sua volta [...]”.      ","        apresentação de contraposição, como em: “Mas não exagere na medida e suba sem demora ao quarto [...]”.      ","        explicitação do interlocutor, como em: “[...] (espécie da qual você, milenarmente cansado, talvez se sinta um tanto excluído) [...]”.      ","        descrição do espaço, como em: “Nesta sala atulhada de mesas, máquinas e papéis, onde invejáveis escreventes dividiram entre si o bom-senso do mundo [...]”.      ","        construção de comparações, como em: “[...] libertando aí os pés das meias e dos sapatos, tirando a roupa do corpo como se retirasse a importância das coisas [...]”.      ",C,
42,39,"












TEXTO II



No verão de 1954, o artista Robert Rauschenberg (n.1925) criou o termo combine para se referir a suas novas obras que possuíam aspectos tanto da pintura como da escultura. 
Em 1958, Cama foi selecionada para ser incluída em uma exposição de jovens artistas americanos e  italianos no Festival dos dois Mundos em Spoleto, na Itália. Os responsáveis pelo festival, entretanto, se recusaram a expor a obra e a removeram para um depósito.
 Embora o mundo da arte debatesse a inovação de se pendurar uma cama numa parede, Rauschenberg considerava sua obra “um dos quadros mais acolhedores que já pintei, mas sempre tive medo de que alguém quisesse se enfiar nela”.

DEMPSEY, A. Estilos, escolas e movimentos: guia enciclopédico da arte moderna.
São Paulo: Cosac e Naify, 2003.



","


A obra de Rauschenberg chocou o público na época em que foi feita, e recebeu forte influência de um movimento artístico que se caracterizava pela


","        dissolução das tonalidades e dos contornos, revelando uma produção rápida.      ","        exploração insólita de elementos do cotidiano, dialogando com os ready-mades.      ","        repetição exaustiva de elementos visuais, levando à simplificação máxima da composição.      ","        incorporação das transformações tecnológicas, valorizando o dinamismo da vida moderna.      ","        geometrização das formas, diluindo os detalhes sem se preocupar com a fidelidade ao real.      ",B,enem-data/enem-2017/39-images/context_img_0.png
43,43,"







","


Os textos publicitários são produzidos para cumprir determinadas funções comunicativas. Os objetivos desse cartaz estão voltados para a conscientização dos brasileiros sobre a necessidade de


",        as crianças frequentarem a escola regularmente.      ,        a formação leitora começar na infância.      ,        a alfabetização acontecer na idade certa.      ,        a literatura ter o seu mercado consumidor ampliado.      ,        as escolas desenvolverem campanhas a favor da leitura.      ,B,enem-data/enem-2017/43-images/context_img_0.png
44,45,"







","


A obra de Rubem Valentim apresenta emblemas que, baseando-se em signos de religiões afro-brasileiras, se transformam em produção artística. A obra Emblema 78 relaciona-se com o Modernismo em virtude da


",        simplificação de formas da paisagem brasileira.      ,        valorização de símbolos do processo de urbanização.      ,        fusão de elementos da cultura brasileira com a arte europeia.      ,        alusão aos símbolos cívicos presentes na bandeira nacional      ,        composição simétrica de elementos relativos à miscigenação racial.      ,C,enem-data/enem-2017/45-images/context_img_0.png
45,24,"









TEXTO II
Na sua produção, Goeldi buscou refletir seu caminho  pessoal e político, sua melancolia e paixão sobre os intensos aspectos mais latentes em sua obra, como: cidades, peixes, urubus, caveiras, abandono, solidão, drama e medo.

ZULIETTI, L. F. Goeldi: da melancolia ao inevitável. Revista de Arte, Mídia e Política. Acesso em: 24 abr. 2017 (adaptado).



","


O gravador Oswaldo Goeldi recebeu influências de  um movimento artístico europeu do início do século XX, que apresenta as características reveladas nos traços da obra de


",enem-data/enem-2017/24-images/alt_img_0.png,enem-data/enem-2017/24-images/alt_img_1.png,enem-data/enem-2017/24-images/alt_img_2.png,enem-data/enem-2017/24-images/alt_img_3.png,enem-data/enem-2017/24-images/alt_img_4.png,A,enem-data/enem-2017/24-images/context_img_0.png
