,number,context,question,A,B,C,D,E,answer,context-images
0,91,"


Cabra sola
Hay quien dice que soy como la cabra;
Lo dicen lo repiten, ya lo creo;
Pero soy una cabra muy extraña
Que lleva una medalla y siete cuernos.
¡Cabra! Em vez de mala leche yo doy llanto.
¡Cabra! Por lo más peligroso me paseo.
¡Cabra! Me llevo bien con alimañas todas,
¡Cabra! Y escribo en los tebeos.
Vivo sola, cabra sola,
— que no quise cabrito en compañía —
cuando subo a lo alto de este valle
siempre encuentro un lirio de alegría.
Y vivo por mi cuenta, cabra sola;
Que yo a ningún rebaño pertenezco.
Si sufrir es estar como una cabra,
Entonces sí lo estoy, no dudar de ello.

FUERTES, G. Poeta de guardia. Barcelona; Lumen, 1990.



","


No poema, o eu lírico se compara à cabra e no quinto verso utiliza a expressão “mala leche” para se autorrepresentar como uma pessoa


",        influenciável pela opinião das demais.      ,        consciente de sua diferença perante as outras.      ,        conformada por não pertencer a nenhum grupo.      ,        corajosa diante de situações arriscadas.      ,        capaz de transformar mau humor em pranto.      ,E,
1,92,"


Pero un dia, le fue presentado a Cortés un tributo bien distinto: un obsequio de veinte esclavas llegó hasta el campamento español y entre ellas, Cortés escogió a una.
Descrita por el cronista de la expedición, Bernal Días del Castillo, como mujer de “buen parecer y entremetida y desenvuelta”, el nombre indígena de esta mujer era Malintzin, indicativo de que había nacido bajo signos de contienda y desventura. Sus padres la vendieron como esclava; los españoles la llamaron doña Marina, pero su pueblo la llamó la Malinche, la mujer del conquistador, la traidora a los indios. Pero con cualquiera de estos nombres, la mujer conoció un extraordinario destino. Se convirtió en “mi lengua”, pues Cortés la hizo su intérprete y amante, la lengua que habría de guiarle a lo largo y alto del Imperio azteca, demonstrando que algo estaba podrido en el reino de Moctezuma, que en efecto existía gran descontento y que el Imperio tenía pies de barro.

FUENTES, C. El espejo enterrado. Ciudad de México: FCE, 1992 (fragmento).



","


Malinche, ou Malintzin, foi uma figura chave na história da conquista espanhola na América, ao atuar como


","        intérprete do conquistador, possibilitando-lhe conhecer as fragilidades do Império.      ","        escrava dos espanhóis, colocando-se a serviço dos objetivos da Coroa.      ","        amante do conquistador, dando origem à miscigenação étnica.      ","        voz do seu povo, defendendo os interesses políticos do Império asteca.      ","        maldição dos astecas, infundindo a corrupção no governo de Montezuma.      ",A,
2,92,"


Do one thing for diversity and inclusion
   The United Nations Alliance of Civilizations (UNAOC) is launching a campaign aimed at engaging people around the world to Do One Thing to support Cultural Diversity and Inclusion. Every one of us can do ONE thing for diversity and inclusion; even one very little thing can become a global action if we all take part in it.
   Simple things YOU can do to celebrate the World Day for Cultural Diversity for Dialogue and Development on May 21.
1. Visit an art exhibit or a museum dedicated to other cultures.
2. Read about the great thinkers of other cultures.
3. Visit a place of worship different than yours and participate in the celebration.
4. Spread your own culture around the world and learn about other cultures.
5. Explore music of a different culture.
There are thousands of things that you can do, are you taking part in it?

UNITED NATIONS ALLIANCE OF CIVILIZATIONS. Disponível em: www.unaoc.org. Acesso em: 16 fev. 2013 (adaptado).



","


Internautas costumam manifestar suas opiniões sobre artigos on-line por meio da postagem de comentários. O comentário que exemplifica o engajamento proposto na quarta dica da campanha apresentada no texto é:


","        “Lá na minha escola, aprendi a jogar capoeira para uma apresentação no Dia da Consciência Negra.”      ","        “Outro dia assisti na TV uma reportagem sobre respeito à diversidade. Gente de todos os tipos, várias tribos. Curti bastante.”      ",        “Eu me inscrevi no Programa Jovens Embaixadores para mostrar o que tem de bom em meu país e conhecer outras formas de ser.”      ,        “Curto muito bater papo na internet. Meus amigos estrangeiros me ajudam a aperfeiçoar minha proficiência em língua estrangeira.”      ,"        “Pesquisei em sites de culinária e preparei uma festa árabe para uns amigos da escola. Eles adoraram, principalmente, os doces!”      ",C,
3,93,"


After prison blaze kills hundreds in Honduras, UN warns on overcrowding
       15 February 2012
       A United Nations human rights official today called on Latin American countries to tackle the problem of prison overcrowding in the wake of an overnight fire at a jail in Honduras that killed hundreds of inmates. More than 300 prisoners are reported to have died in the blaze at the prison, located north of the capital, Tegucigalpa, with dozens of others still missing and presumed dead. Antonio Maldonado, human rights adviser for the UN system in Honduras, told UN Radio today that overcrowding may have contributed to the death toll. “But we have to wait until a thorough investigation is conducted so we can reach a precise cause,” he said. “But of course there is a problem of overcrowding in the prison system, not only in this country, but also in many other prisons in Latin America.”

Disponível em: www.un.org. Acesso em: 22 fev. 2012 (adaptado).
 



","


Os noticiários destacam acontecimentos diários, que são veiculados em jornal impresso, rádio, televisão e internet. Nesse texto, o acontecimento reportado é a


",        ocorrência de um incêndio em um presídio superlotado em Honduras.      ,        questão da superlotação nos presídios em Honduras e na América Latina.      ,        investigação da morte de um oficial das Nações Unidas em visita a um presídio.      ,        conclusão do relatório sobre a morte de mais de trezentos detentos em Honduras.      ,        causa da morte de doze detentos em um presídio superlotado ao norte de Honduras.      ,A,
4,99,"


Mal secreto
Se a cólera que espuma, a dor que mora
N’aIma, e destrói cada ilusão que nasce,
Tudo o que punge, tudo o que devora
O coração, no rosto se estampasse;
Se se pudesse, o espirito que chora,
Ver através da máscara da face,
Quanta gente, talvez, que inveja agora
Nos causa, então piedade nos causasse!
Quanta gente que ri, talvez, consigo
Guarda um atroz, recôndito inimigo,
Como invisível chaga cancerosa!
Quanta gente que ri, talvez existe,
Cuja ventura única consiste
Em parecer aos outros venturosa!

(CORREIA, R. In: PATRIOTA, M. Para compreender Raimundo Correia. Brasilia: Alhambra, 1995.)



","


Coerente com a proposta parnasiana de cuidado formal e racionalidade na condução temática, o soneto de Raimundo Correia reflete sobre a forma como as emoções do indivíduo são julgadas em sociedade. Na concepção do eu lírico, esse julgamento revela que


",        a necessidade de ser socialmente aceito leva o indivíduo a agir de forma dissimulada.      ,        o sofrimento íntimo torna-se mais ameno quando compartilhado por um grupo social.      ,        a capacidade de perdoar e aceitar as diferenças neutraliza o sentimento de inveja.      ,        o instinto de solidariedade conduz o indivíduo a apiedar-se do próximo.      ,        a transfiguração da angústia em alegria é um artifício nocivo ao convívio social.      ,A,
5,94,"


National Geographic News
Christine Dell’Amore
Published April 26, 2010
Our bodies produce a small steady amount of natural morphine, a new study suggests. Traces of the chemical are often found in mouse and human urine, leading scientists to wonder whether the drug is being made naturally or being delivered by something the subjects consumed. The new research shows that mice produce the “incredible painkiller” — and that humans and ther mammals possess the same chemical road map for making it, said study co-author Meinhart Zenk, who studies plant-based pharmaceuticals at the Donald Danforth Plant Science Center in St. Louis, Missouri.

Disponível em: www.nationalgeographic.com. Acesso em: 27 jul. 2010.



","


Ao ler a matéria publicada na National Geographic, para a realização de um trabalho escolar, um estudante descobriu que


","        os compostos químicos da morfina, produzidos por humanos, são manipulados no Missouri.      ",        os ratos e os humanos possuem a mesma via metabólica para produção de morfina.      ,        a produção de morfina em grande quantidade minimiza a dor em ratos e humanos.      ,        os seres humanos têm uma predisposição genética para inibir a dor.      ,        a produção de morfina é um traço incomum entre os animais.      ,B,
6,93,"


Pensar la lengua del siglo XXI 
Aceptada la dicotomía entre “español general” académico y “español periférico” americano, la capacidad financiera de la Real Academia, apoyada por la corona y las grandes empresas transnacionales españolas, no promueve la conservación de la unidad, sino la unificación del español, dirigida e impuesta desde España (la Fundación Español Urgente: Fundeu). Unidad y unificación no son lo mismo: la unidad ha existido siempre y com ella la variedad de la lengua, riqueza suprema de nuestras culturas nacionales; la unificación lleva a la pérdida de las diferencias culturales, que nutren al ser humano y son tan importantes como la diversidad biológica de la Tierra.
Culturas nacionales: desde que nacieron los primeros criollos, mestizos y mulatos en el continente hispanoamericano, las diferencias de colonización, las improntas que dejaron en las nacientes sociedades americanas los pueblos aborígenes, la explotación de las riquezas naturales, las redes comerciales coloniales fueron creando culturas propias, diferentes entre sí, aunque con el fondo común de la tradición española. Después de las independencias, cuando se instituyeron nuestras naciones, bajo diferentes influencias, ya francesas, ya inglesas; cuando los inmigrantes italianos, sobre todo, dieron su pauta a Argentina, Uruguay o Venezuela, esas culturas nacionales se consolidaron y con ellas su español, pues la lengua es, ante todo, constituyente. Así, el español actual de España no es sino una más de las lenguas nacionales del mundo hispánico. El español actual es el conjunto de veintidós españoles nacionales, que tienen sus propias características; ninguno vale más que otro. La lengua del siglo XXI es, por eso, una lengua pluricéntrica.

LARA, L.F. Disponível em: www.revistaenie.clarin.com. Acesso em: 25 fev. 2013.



","


O texto aborda a questão da língua espanhola no século XXI e tem como função apontar que


",        as especificidades culturais rompem com a unidade hispânica.      ,        as variedades do espanhol têm igual relevância linguística e cultural.      ,        a unidade linguística do espanhol fortalece a identidade cultural hispânica.      ,        a consolidação das diferenças da língua prejudica sua projeção mundial.      ,        a unificação da língua enriquece a competência linguística dos falantes.      ,B,
7,95,"


Duerme negrito
Duerme, duerme, negrito,
que tu mamá está en el campo,
negrito…
Te va a traer
codornices para ti.
Te va a traer
carne de cerdo para ti.
Te va a traer
muchas cosas para ti […]
Duerme, duerme, negrito,
que tu mamá está en el campo,
negrito…
Trabajando, trabajando duramente, trabajando sí.
Trabajando y no le pagan,
trabajando sí.

Disponível em: http://letras.mus.br. Acesso em: 26 jun. 2012 (fragmento).



","


Duerme negrito é uma cantiga de ninar da cultura popula hispânica, cuja letra problematiza uma questão social, ao


",        destacar o orgulho da mulher como provedora do lar.      ,        evidenciar a ausência afetiva da mãe na criação do filho.      ,        retratar a precariedade das relações do trabalho no campo.      ,        ressaltar a inserção da mulher no mercado de trabalho rural.      ,        exaltar liricamente a voz materna na formação cidadã do filho.      ,C,
8,101,"


Adolescentes: mais altos, gordos e preguiçosos
A oferta de produtos industrializados e a falta de tempo têm sua parcela de responsabilidade no aumento da silhueta dos jovens. “Os nossos hábitos alimentares, de modo geral, mudaram muito”, observa Vivian Ellinger, presidente da Sociedade Brasileira de Endocrinologia e Metabologia (SBEM), no Rio de Janeiro. Pesquisas mostram que, aqui no Brasil, estamos exagerando no sal e no açúcar, além de tomar pouco leite e comer menos frutas e feijão.
Outro pecado, velho conhecido de quem exibe excesso de gordura por causa da gula, surge como marca da nova geração: a preguiça, “Cem por cento das meninas que participam do Programa não praticavam nenhum esporte”, revela a psicóloga Cristina Freire, que monitora o desenvolvimento emocional das voluntárias.
Você provavelmente já sabe quais são as consequências de uma rotina sedentária e cheia de gordura. “E não é novidade que os obesos têm uma sobrevida menor”, acredita Claudia Cozer, endocrinologista da Associação Brasileira para o Estudo da Obesidade e da Síndrome Metabólica. Mas, se há cinco anos os estudos projetavam um futuro sombrio para os jovens, no cenário atual as doenças que viriam na velhice já são parte da rotina deles. “Os adolescentes já estão sofrendo com hipertensão e diabete”, exemplifica Claudia.

DESGUALDO, P. Revista Saúde. Disponível em: http://saude.abril.com.br.
Acesso em: 28 jul. 2012 (adaptado).



","


Sobre a relação entre os hábitos da população adolescente e as suas condições de saúde, as informações apresentadas no texto indicam que


",        a falta de atividade física somada a uma alimentação nutricionalmente desequilibrada constituem fatores relacionados ao aparecimento de doenças crônicas entre os adolescentes.      ,        a diminuição do consumo de alimentos fontes de carboidratos combinada com um maior consumo de alimentos ricos em proteínas contribuíram para o aumento da obesidade entre os adolescentes.      ,"        a maior participação dos alimentos industrializados e gordurosos na dieta da população adolescente tem tornado escasso o consumo de sais e açúcares, o que prejudica o equilíbrio metabólico.      ","        a ocorrência de casos de hipertensão e diabetes entre os adolescentes advém das condições de alimentação, enquanto que na população adulta os fatores hereditários são preponderantes.      ","        a prática regular de atividade física é um importante fator de controle da diabetes entre a população adolescente, por provocar um constante aumento da pressão arterial sistólica.      ",A,
9,98,"


Querô
DELEGADO — Então desce ele. Vê o que arrancam desse sacana.
SARARÁ — Só que tem um porém. Ele é menor.
DELEGADO — Então vai com jeito. Depois a gente entrega pro juiz.
(Luz apaga no delegado e acende no repórter, que se dirige ao público.)
REPÓRTER — E o Querô foi espremido, empilhado, esmagado de corpo e alma num cubículo imundo, com outros meninos. Meninos todos espremidos, empilhados, esmagados de corpo e alma, alucinados pelos seus desesperos, cegados por muitas aflições. Muitos meninos, com seus desesperos e seus ódios, empilhados, espremidos, esmagados de corpo e alma no imundo cubículo do reformatório. E foi lá que o Querô cresceu.

MARCOS, P. Melhor teatro. São Paulo: Global, 2003 (fragmento).



","


No discurso do repórter, a repetição causa um efeito de sentido de intensificação, construindo a ideia de


","        opressão física e moral, que gera rancor nos meninos.      ","        repressão policial e social, que gera apatia nos meninos.      ","        polêmica judicial e midiática, que gera confusão entre os meninos.      ","        concepção educacional e carcerária, que gera comoção nos meninos.      ","         informação crítica e jornalística, que gera indignação entre os meninos.      ",A,
10,100,"


Secretaria de Cultura 
EDITAL
NOTIFICAÇÃO – Síntese da resolução publicada no Diário Oficial da Cidade, 29/07/2011 – página 41 – 511.a Reunião Ordinária, em 21/06/2011.
Resolução n.o 08/2011 – TOMBAMENTO dos imóveis da Rua Augusta. n.o 349 e n.o 353, esquina com a Rua Marquês de Paranaquá, n.o 315. n.o 327 e n.o 329 (Setor 010, Quadra 026, Lotes 0016-2 e 00170-0), bairro da Consolação. Subprefeitura da Sé, conforme o processo administrativo n.o 1991-0.005.365-1.

Folha de S. Paulo, 5 ago. 2011 (adaptado).



","


Um leitor interessado nas decisões governamentais escreve uma carta para o jornal que publicou o edital, concordando com a resolução sintetizada no Edital da Secretaria de Cultura. Uma frase adequada para expressar sua concordância é:


",        Que sábia iniciativa! Os prédios em péssimo estado de conservação devem ser derrubados.      ,        Até que enfim! Os edifícios localizados nesse trecho descaracterizam o conjunto arquitetônico da Rua Augusta.      ,        Parabéns! O poder público precisa mostrar sua força como guardião das tradições dos moradores locais.      ,        Justa decisão! O governo dá mais um passo rumo à eliminação do problema da falta de moradias populares.      ,        Congratulações! O patrimônio histórico da cidade merece todo empenho para ser preservado.      ,E,
11,95,"


Steve Jobs: A Life Remembered 1955-2011
Readersdigest.ca takes a look back at Steve Jobs, and his contribution to our digital world.
CEO. Tech-Guru. Artist. There are few corporate figures as famous and well-regarded as former-Apple CEO Steve Jobs. His list of achievements is staggering, and his contribution to modern technology, digital media, and indeed the world as a whole, cannot be downplayed.
With his passing on October 5, 2011, readersdigest.ca looks back at some of his greatest achievements, and pays our respects to a digital pioneer who helped pave the way for a generation of technology, and possibilities, few could have imagined.

Disponível em: www.readersdigest.ca. Acesso em: 25 fev. 2012



","


Informações sobre pessoas famosas são recorrentes na mídia, divulgadas de forma impressa ou virtualmente. Em relação a Steve Jobs, esse texto propõe


",        expor as maiores conquistas da sua empresa.      ,        descrever suas criações na área da tecnologia.      ,        enaltecer sua contribuição para o mundo digital.      ,        lamentar sua ausência na criação de novas tecnologias.      ,        discutir o impacto de seu trabalho para a geração digital.      ,C,
12,103,"


O jogo é uma atividade ou ocupação voluntária, exercida dentro de certos e determinados limites de tempo e de espaço, segundo regras livremente consentidas, mas absolutamente obrigatórias, dotado de um fim em si mesmo, acompanhado de um sentimento de tensão e de alegria e de uma consciência de ser diferente da “vida quotidiana”.

HUIZINGA, J. Homo ludens: o jogo como elemento da cultura. São Paulo: Perspectiva, 2004.



","


Segundo o texto, o jogo comporta a possibilidade de fruição. Do ponto de vista das práticas corporais, essa fruição se estabelece por meio do(a)


","        fixação de táticas, que define a padronização para maior alcance popular.      ","        competitividade, que impulsiona o interesse pelo sucesso.      ","        refinamento técnico, que gera resultados satisfatórios.      ","        caráter lúdico, que permite experiências inusitadas.      ","        uso tecnológico, que amplia as opções de lazer.      ",D,
13,102,"










KUCZYNSKIEGO, P. Ilustração, 2008. Disponível em: http://capu.pl. Acesso em 3 ago. 2012. (Foto: Reprodução)




O artista gráfico polonês Pawla Kuczynskiego nasceu em 1976 e recebeu diversos prêmios por suas ilustrações.


","


Nessa obra, ao abordar o trabalho infantil, Kuczynskiego usa sua arte para


",        difundir a origem de marcantes diferenças sociais.      ,        estabelecer uma postura proativa da sociedade.      ,        provocar a reflexão sobre essa realidade.      ,        propor alternativas para solucionar esse problema.      ,        retratar como a questão é enfrentada em vários países do mundo.      ,C,enem-data/enem-2013/102-images/context_img_0.png
14,94,"










TUTE. Tutelandia. Disponível em: www.gocomics.com. Acesso em: 20 fev. 2012



","


A charge evoca uma situação de disputa. Seu efeito humorístico reside no(a)


",        aceitação imediata da provocação.      ,        descaracterização do convite a um desafio.      ,        sugestão de armas não convencionais para um duelo.      ,        deslocamento temporal do comentário lateral.      ,        posicionamento relaxado dos personagens.      ,C,enem-data/enem-2013/94-images/context_img_0.png
15,91,"







","


A partir da leitura dessa tirinha, infere-se que o discurso de Calvin teve um efeito diferente do pretendido, uma vez que ele


",        decide tirar a neve do quintal para convencer seu pai sobre seu discurso.      ,        culpa o pai por exercer influência negativa na formação de sua personalidade.      ,        comenta que suas discussões com o pai não correspondem às suas expectativas.      ,        conclui que os acontecimentos ruins não fazem falta para a sociedade.      ,        reclama que é vítima de valores que o levam a atitudes inadequadas.      ,C,enem-data/enem-2013/91-images/context_img_0.png
16,97,"







","


Pertencentes ao patrimônio cultural brasileiro, a carta de Pero Vaz de Caminha e a obra de Portinari retratam a chegada dos portugueses ao Brasil. Da leitura dos textos, constata-se que


",        a carta de Pero Vaz de Caminha representa uma das primeiras manifestações artísticas dos portugueses em terras brasileiras e preocupa-se apenas com a estética literária.      ,"        a tela de Portinari retrata indígenas nus com corpos pintados, cuja grande significação é a afirmação da arte acadêmica brasileira e a contestação de uma linguagem moderna.      ","        a carta, como testemunho histórico-político, mostra o olhar do colonizador sobre a gente da terra, e a pintura destaca, em primeiro plano, a inquietação dos nativos.      ","        as duas produções, embora usem linguagens diferentes — verbal e não verbal —, cumprem a mesma função social e artística.      ","        a pintura e a carta de Caminha são manifestações de grupos étnicos diferentes, produzidas em um mesmo momento histórico, retratando a colonização.      ",C,enem-data/enem-2013/97-images/context_img_0.png
17,105,"


Olá! Negro 
Os netos de teus mulatos e de teus cafuzos
e a quarta e a quinta gerações de teu sangue sofredor
tentarão apagar a tua cor!
E as gerações dessas gerações quando apagarem
a tua tatuagem execranda,
não apagarão de suas almas, a tua alma, negro!
Pai-João, Mãe-negra, Fulô, Zumbi,
negro-fujão, negro cativo, negro rebelde
negro cabinda, negro congo, negro íoruba,
negro que foste para o algodão de USA
para os canaviais do Brasil,
para o tronco, para o colar de ferro, para a canga
de todos os senhores do mundo;
eu melhor compreenda agora os teus blues
nesta hora triste da raça branca, negro!
Olá, Negro! Olá. Negro!
A raça que te enforca, enforca-se de tédio, negro!

LIMA. J, Obras completas: Rio de Janeiro, Aguilar, 1958 (fragmento).



","


O conflito de gerações e de grupos étnicos reproduz, na visão do eu lírico, um contexto social assinalado por


",        modernização dos modos de produção e consequente enriquecimento dos brancos.      ,        preservação da memória ancestral e resistência negra à apatia cultural dos brancos.      ,        superação dos costumes antigos por meio da incorporação de valores dos colonizados.      ,        nivelamento social de descendentes de escravos e de senhores pela condição de pobreza.      ,        antagonismo entre grupos de trabalhadores e lacunas de hereditariedade.      ,B,
18,106,"


Até quando?
Não adianta olhar pro céu
Com muita fé e pouca luta
Levanta aí que você tem muito protesto pra fazer
E muita greve, você pode, você deve, pode crer
Não adianta olhar pro chão
Virar a cara pra não ver
Se liga aí que te botaram numa cruz e só porque Jesus
Sofreu não quer dizer que você tenha que sofrer!

GABRIEL, O PENSADOR. Seja você mesmo (mas não seja sempre o mesmo). Rio de Janeiro: Sony Music, 2001 (fragmento).



","


As escolhas linguísticas feitas pelo autor conferem ao texto


","        caráter atual, pelo uso de linguagem própria da internet.      ","        cunho apelativo, pela predominância de imagens metafóricas.      ","        tom de diálogo, pela recorrência de gírias.      ","        espontaneidade, pelo uso da linguagem coloquial.      ","        originalidade, pela concisão da linguagem.      ",D,
19,104,"


Novas tecnologias
Atualmente, prevalece na mídia um discurso de exaltação das novas tecnologias, principalmente aquelas ligadas às atividades de telecomunicações. Expressões frequentes como “o futuro já chegou”, “maravilhas tecnológicas” e “conexão total com o mundo” “fetichi – zam” novos produtos, transformando-os em objetos do desejo, de consumo obrigatório. Por esse motivo carregamos hoje nos bolsos, bolsas e mochilas o “futuro” tão festejado.
Todavia, não podemos reduzir-nos a meras vítimas de um aparelho midiático perverso, ou de um aparelho capitalista controlador. Há perversão, certamente, e controle, sem sombra de dúvida. Entretanto, desenvolvemos uma relação simbiótica de dependência mútua com os veículos de comunicação, que se estreita a cada imagem compartilhada e a cada dossiê pessoal transformado em objeto público de entretenimento.
Não mais como aqueles acorrentados na caverna de Platão, somos livres para nos aprisionar, por espontânea vontade, a esta relação sadomasoquista com as estruturas midiáticas, na qual tanto controlamos quanto somos controlados.

SAMPAIO A. S. A microfísica do espetáculo. Disponível em: http://observatoriodaimprensa.com.br. Acesso em: 1 mar 2013 (adaptado).



","


Ao escrever um artigo de opinião, o produtor precisa criar uma base de orientação linguística que permita alcançar os leitores e convencê-los com relação ao ponto de vista defendido. Diante disso, nesse texto, a escolha das formas verbais em destaque objetiva


","        criar relação de subordinação entre leitor e autor, já que ambos usam as novas tecnologias.      ",        enfatizar a probabilidade de que toda população brasileira esteja aprisionada às novas tecnologias.      ,"        indicar, de forma clara, o ponto de vista de que hoje as pessoas são controladas pelas novas tecnologias.      ",        tornar o leitor copartícipe do ponto de vista de que ele manipula as novas tecnologias e por elas é manipulado.      ,        demonstrar ao leitor sua parcela de responsabilidade por deixar que as novas tecnologias controlem as pessoas.      ,D,
20,113,"


O bit na galáxia de Gutenberg
Neste século, a escrita divide terreno com diversos meios de comunicação. Essa questão nos faz pensar na necessidade da “imbricação, na coexistência e interpretação recíproca dos diversos circuitos de produção e difusão do saber…”.
É necessário relativizar nossa postura frente às modernas tecnologias, principalmente à informática. Ela é um campo novidativo, sem dúvida, mas suas bases estão nos modelos informativos anteriores, inclusive, na tradição oral e na capacidade natural de simular mentalmente os acontecimentos do mundo e antecipar as consequências de nossos atos. A impressão é a matriz que deflagrou todo esse processo comunicacional eletrônico. Enfatizo, assim, o parentesco que há entre o computador e os outros meios de comunicação, principalmente a escrita, uma visão da informática como um “desdobramento daquilo que a produção literária impressa e, anteriormente, a tradição oral já traziam consigo”.

NEITZEL, L. C. Disponível em: www.geocities.com. Acesso em: 1 ago. 2012 (adaptado).



","


Ao tecer considerações sobre as tecnologias da contemporaneidade e os meios de comunicação do passado, esse texto concebe que a escrita contribui para uma evolução das novas tecnologias por


",        se desenvolver paralelamente nos meios tradicionais de comunicação e informação.      ,        cumprir função essencial na contemporaneidade por meio das impressões em papel.      ,        realizar transição relevante da tradição oral para o progresso das sociedades humanas.      ,        oferecer melhoria sistemática do padrão de vida e do desenvolvimento social humano.      ,        fornecer base essencial para o progresso das tecnologias de comunicação e informação.      ,E,
21,96,"










GRUPO ESCOLAR DE PALMEIRAS. Redações de Maria Anna de Biase e J. B. Pereira sobre a Bandeira Nacional. Palmeiras (SP), 18 nov. 1911. Acervo APESP. Coleção DAESP. C10279. Disponível em: www.arquivoestado.sp.gov.br. Acesso em: 15 maio 2013. (Foto: Reprodução)



","


O documento foi retirado de uma exposição on-line de manuscritos do estado de São Paulo do início do século XX. Quanto à relevância social para o leitor da atualidade, o texto


",        funciona como veículo de transmissão de valores patrióticos próprios do período em que foi escrito.      ,        cumpre uma função instrucional de ensinar regras de comportamento em eventos cívicos.      ,        deixa subentendida a ideia de que o brasileiro preserva as riquezas naturais do país.      ,        argumenta em favor da construção de uma nação com igualdade de direitos.      ,        apresenta uma metodologia de ensino restrita a uma determinada época.      ,A,enem-data/enem-2013/96-images/context_img_0.png
22,112,"


TEXTO I
É evidente que a vitamina D é importante — mas como obtê-la? Realmente, a vitamina D pode ser produzida naturalmente pela exposição à luz do sol, mas ela também existe em alguns alimentos comuns. Entretanto, como fonte dessa vitamina, certos alimentos são melhores do que outros. Alguns possuem uma quantidade significativa de vitamina D, naturalmente, e são alimentos que talvez você não queira exagerar: manteiga, nata, gema de ovo e fígado.
Disponível em: http://saude.hsw.uol.com.br. Acesso em: 31 jul. 2012.
TEXTO II
Todos nós sabemos que a vitamina D (colecalciferol) é crucial para sua saúde. Mas a vitamina D é realmente uma vitamina? Está presente nas comidas que os humanos normalmente consomem? Embora exista em algum percentual na gordura do peixe, a vitamina D não está em nossas dietas, a não ser que os humanos artificialmente incrementem um produto alimentar, como o leite enriquecido com vitamina D. A natureza planejou que você a produzisse em sua pele, e não a colocasse direto em sua boca. Então, seria a vitamina D realmente uma vitamina?

Disponível em: www.umaoutravisao.com.br. Acesso em: 31 jul. 2012.



","


Frequentemente circulam na mídia textos de divulgação científica que apresentam informações divergentes sobre um mesmo tema. Comparando os dois textos, constata-se que o Texto II contrapõe-se ao I quando


",        comprova cientificamente que a vitamina D não é uma vitamina.      ,        demonstra a verdadeira importância da vitamina D para a saúde.      ,        enfatiza que a vitamina D é mais comumente produzida pelo corpo que absorvida por meio de alimentos.      ,"        afirma que a vitamina D existe na gordura dos peixes e no leite, não em seus derivados.      ",        levanta a possibilidade de o corpo humano produzir artificialmente a vitamina D.      ,C,
23,109,"


Jogar limpo
Argumentar não é ganhar uma discussão a qualquer preço. Convencer alguém de algo é, antes de tudo, uma alternativa à prática de ganhar uma questão no grito ou na violência física — ou não física. Não física, dois pontos. Um político que mente descaradamente pode cativar eleitores. Uma publicidade que joga baixo pode constranger multidões a consumir um produto danoso ao ambiente. Há manipulações psicológicas não só na religião. E é comum pessoas agirem emocionalmente, porque vítimas de ardilosa — e cangoteira — sedução. Embora a eficácia a todo preço não seja argumentar, tampouco se trata de admitir só verdades científicas — formar opinião apenas depois de ver a demonstração e as evidências, como a ciência faz. Argumentar é matéria da vida cotidiana, uma forma de retórica, mas é um raciocínio que tenta convencer sem se tornar mero cálculo manipulativo, e pode ser rigoroso sem ser científico.

Língua Portuguesa, São Paulo, ano 5, n. 66, abr. 2011 (adaptado).



","


No fragmento, opta-se por uma construção linguística bastante diferente em relação aos padrões normalmente empregados na escrita. Trata-se da frase “Não física, dois pontos”. Nesse contexto, a escolha por se representar por extenso o sinal de pontuação que deveria ser utilizado


",        enfatiza a metáfora de que o autor se vale para desenvolver seu ponto de vista sobre a arte de argumentar.      ,"        diz respeito a um recurso de metalinguagem, evidenciando as relações e as estruturas presentes no enunciado.      ","        é um recurso estilístico que promove satisfatoriamente a sequenciação de ideias, introduzindo apostos exemplificativos.      ","        ilustra a flexibilidade na estruturação do gênero textual, a qual se concretiza no emprego da linguagem conotativa.      ","        prejudica a sequência do texto, provocando estranheza no leitor ao não desenvolver explicitamente o raciocínio a partir de argumentos.      ",C,
24,111,"


Tudo no mundo começou com um sim. Uma molécula disse sim a outra molécula e nasceu a vida. Mas antes da pré-história havia a pré-história da pré-história e havia o nunca e havia o sim. Sempre houve. Não sei o quê, mas sei que o universo jamais começou.
[…]
Enquanto eu tiver perguntas e não houver resposta continuarei a escrever. Como começar pelo início, se as coisas acontecem antes de acontecer? Se antes da pré- pré-história já havia os monstros apocalípticos? Se esta história não existe, passará a existir. Pensar é um ato. Sentir é um fato. Os dois juntos — sou eu que escrevo o que estou escrevendo. […] Felicidade? Nunca vi palavra mais doida, inventada pelas nordestinas que andam por aí aos montes.
Como eu irei dizer agora, esta história será o resultado de uma visão gradual — há dois anos e meio venho aos poucos descobrindo os porquês. É visão da iminência de. De quê? Quem sabe se mais tarde saberei. Como que estou escrevendo na hora mesma em que sou lido. Só não inicio pelo fim que justificaria o começo — como a morte parece dizer sobre a vida — porque preciso registrar os fatos antecedentes.

LISPECTOR, C. A hora da estrela. Rio de Janeiro: Rocco, 1998 (fragmento).



","


A elaboração de uma voz narrativa peculiar acompanha a trajetória literária de Clarice Lispector, culminada com a obra A hora da estrela, de 1977, ano da morte da escritora. Nesse fragmento, nota-se essa peculiaridade porque o narrador


","        observa os acontecimentos que narra sob uma ótica distante, sendo indiferente aos fatos e às personagens.      ",        relata a história sem ter tido a preocupação de investigar os motivos que levaram aos eventos que a compõem.      ,        revela-se um sujeito que reflete sobre questões existenciais e sobre a construção do discurso.      ,        admite a dificuldade de escrever uma história em razão da complexidade para escolher as palavras exatas.      ,"        propõe-se a discutir questões de natureza filosófica e metafísica, incomuns na narrativa de ficção.      ",C,
25,108,"


Própria dos festejos juninos, a quadrilha nasceu como dança aristocrática, oriunda dos salões franceses, depois difundida por toda a Europa.
No Brasil, foi introduzida como dança de salão e, por sua vez, apropriada e adaptada pelo gosto popular. Para sua ocorrência, é importante a presença de um mestre “marcante” ou “marcador”, pois é quem determina as figurações diversas que os dançadores desenvolvem. Observa-se a constância das seguintes marcações: “Tour”, “En avant”, “Chez des dames”, “Chez des chevaliê”, “Cestinha de flor”, “Balancê”, “Caminho da roça”, “Olha a chuva”, “Garranchê”, “Passeio”, “Coroa de flores”, “Coroa de espinhos” etc.
No Rio de Janeiro, em contexto urbano, apresenta transformações: surgem novas figurações, o francês aportuguesado inexiste, o uso de gravações substitui a música ao vivo, além do aspecto de competição, que sustenta os festivais de quadrilha, promovidos por órgãos de turismo.

CASCUDO, L. C. Dicionário do folclore brasileiro. Rio de Janeiro: Melhoramentos, 1976.



","


As diversas formas de dança são demonstrações da diversidade cultural do nosso país. Entre elas, a quadrilha é considerada uma dança folclórica por


","        possuir como característica principal os atributos divinos e religiosos e, por isso, identificar uma nação ou região.      ",        abordar as tradições e costumes de determinados povos ou regiões distintas de uma mesma nação.      ,"        apresentar cunho artístico e técnicas apuradas, sendo, também, considerada dança-espetáculo.      ","        necessitar de vestuário específico para a sua prática, o qual define seu país de origem.      ",        acontecer em salões e festas e ser influenciada por diversos gêneros musicais.      ,B,
26,117,"


Mesmo tendo a trajetória do movimento interrompida com a prisão de seus dois líderes, o tropicalismo não deixou de cumprir seu papel de vanguarda na música popular brasileira. A partir da década de 70 do século passado, em lugar do produto musical de exportação de nível internacional prometido pelos baianos com a “retomada da linha evolutória”, instituiu-se nos meios de comunicação e na indústria do lazer uma nova era musical.

TINHORÃO, J. R. Pequena história da música popular: da modinha ao tropicalismo. São Paulo: Art, 1986 (adaptado).



","


A nova era musical mencionada no texto evidencia um gênero que incorporou a cultura de massa e se adequou à realidade brasileira. Esse gênero está representado pela obra cujo trecho da letra é:


","        A estrela d'alva / No céu desponta / E a lua anda tonta / Com tamanho esplendor. (As pastorinhas, Noel Rosa e João de Barro)      ","        Hoje / Eu quero a rosa mais linda que houver / Quero a primeira estrela que vier / Para enfeitar a noite do meu bem. (A noite do meu bem, Dolores Duran)      ","        No rancho fundo / Bem pra lá do fim do mundo / Onde a dor e a saudade / Contam coisas da cidade. (No rancho fundo, Ary Barroso e Lamartine Babo)      ","        Baby Baby / Não adianta chamar / Quando alguém está perdido / Procurando se encontrar. (Ovelha negra, Rita Lee)      ","        Pois há menos peixinhos a nadar no mar / Do que os beijinhos que eu darei / Na sua boca. (Chega de saudade, Tom Jobim e Vinicius de Moraes)      ",D,
27,107,"










CAULOS. Disponível em: www.caulos.com. Acesso em 24 set. 2011. (Foto: Reprodução)



","


O cartum faz uma crítica social. A figura destacada está em oposição às outras e representa a


",        a opressão das minorias sociais.      ,        carência de recursos tecnológicos.      ,        falta de liberdade de expressão.      ,        defesa da qualificação profissional.      ,        reação ao controle do pensamento coletivo.      ,E,enem-data/enem-2013/107-images/context_img_0.png
28,114,"


Manta que costura causos e histórias no seio de uma família serve de metáfora da memória em obra escrita por autora portuguesa 
O que poderia valer mais do que a manta para aquela família? Quadros de pintores famosos? Joias de rainha? Palácios? Uma manta feita de centenas de retalhos de roupas velhas aquecia os pés das crianças e a memória da avó, que a cada quadrado apontado por seus netos resgatava de suas lembranças uma história. Histórias fantasiosas como a do vestido com um bolso que abrigava um gnomo comedor de biscoitos; histórias de traquinagem como a do calção transformado em farrapos no dia em que o menino, que gostava de andar de bicicleta de olhos fechados, quebrou o braço; histórias de saudades, como o avental que carregou uma carta por mais de um mês … Muitas histórias formavam aquela manta. Os protagonistas eram pessoas da família, um tio, uma tia, o avô, a bisavó, ela mesma, os antigos donos das roupas. Um dia, a avó morreu, e as tias passaram a disputar a manta, todas a queriam, mais do que aos quadros, joias e palácios deixados por ela. Felizmente, as tias conseguiram chegar a um acordo, e a manta passou a ficar cada mês na casa de uma delas. E os retalhos, à medida que iam se acabando, eram substituídos por outros retalhos, e novas e antigas histórias foram sendo incorporadas à manta mais valiosa do mundo.

LASEVICIUS, A. Língua Portuguesa, São Paulo, n. 76, 2012 (adaptado).



","


A autora descreve a importância da manta para aquela família, ao verbalizar que “novas e antigas histórias foram sendo incorporadas à manta mais valiosa do mundo”. Essa valorização evidencia-se pela


","        oposição entre os objetos de valor, como joias, palácios e quadros, e a velha manta.      ","        descrição detalhada dos aspectos físicos da manta, como cor e tamanho dos retalhos.      ",        valorização da manta como objeto de herança familiar disputado por todos.      ,        comparação entre a manta que protege do frio e a manta que aquecia os pés das crianças.      ,        correlação entre os retalhos da manta e as muitas histórias de tradição oral que os formavam.      ,E,
29,118,"


Futebol: “A rebeldia é que muda o mundo”
Conheça a história de Afonsinho, o primeiro jogador do futebol brasileiro a derrotar a cartolagem e a conquistar o Passe Livre, há exatos 40 anos
Pelé estava se aposentando pra valer pela primeira vez, então com a camisa do Santos (porque depois voltaria a atuar pelo New York Cosmos, dos Estados Unidos), em 1972, quando foi questionado se, finalmente, sentia-se um homem livre. O Rei respondeu sem titubear:
— Homem livre no futebol só conheço um: o Afonsinho. Este sim pode dizer, usando as suas palavras, que deu o grito de independência ou morte. Ninguém mais. O resto é conversa.
Apesar de suas declarações serem motivo de chacota por parte da mídia futebolística e até dos torcedores brasileiros, o Atleta do Século acertou. E provavelmente acertaria novamente hoje.
Pela admiração por um de seus colegas de clube daquele ano. Pelo reconhecimento do caráter e personalidade de um dos jogadores mais contestadores do futebol nacional. E principalmente em razão da história de luta — e vitória — de Afonsinho sobre os cartolas.

ANDREUCCI, R. Disponível em: http://carosamigos.terra.com.br. Acesso em: 19 ago. 2011.



","


O autor utiliza marcas linguísticas que dão ao texto um caráter informal. Uma dessas marcas é identificada em:


",        “[...] o Atleta do Século acertou.”      ,        “O Rei respondeu sem titubear [...]”.      ,        “E provavelmente acertaria novamente hoje.”      ,        “Pelé estava se aposentando pra valer pela primeira vez [...]”.      ,        “Pela admiração por um de seus colegas de clube daquele ano.”      ,D,
30,115,"


O hipertexto permite – ou, de certo modo, em alguns casos, até mesmo exige – a participação de diversos autores na sua construção, a redefinição dos papéis de autor e leitor e a revisão dos modelos tradicionais de leitura e de escrita. Por seu enorme potencial para se estabelecerem conexões, ele facilita o desenvolvimento de trabalhos coletivamente, o estabelecimento da comunicação e a aquisição de informação de maneira cooperativa.
Embora haja quem identifique o hipertexto exclusiva – mente com os textos eletrônicos, produzidos em determinado tipo de meio ou de tecnologia, ele não deve ser limitado a isso, já que consiste numa forma organizacional que tanto pode ser concebida para o papel como para os ambientes digitais. É claro que o texto virtual permite concretizar certos aspectos que, no papel, são praticamente inviáveis: a conexão imediata, a comparação de trechos de textos na mesma tela, o “mergulho” nos diversos aprofundamentos de um tema, como se o texto tivesse camadas, dimensões ou planos.

RAMAL, A. C. Educação na cibercultura: hipertextualidade, leitura, escrita e aprendizagem. Porto Alegre: Artmed, 2002.



","


Considerando-se a linguagem específica de cada sistema de comunicação, como rádio, jornal, TV, internet, segundo o texto, a hipertextualidade configura-se como um(a)


",        elemento originário dos textos eletrônicos.      ,        conexão imediata e reduzida ao texto digital.      ,        novo modo de leitura e de organização da escrita.      ,        estratégia de manutenção do papel do leitor com perfil definido.      ,        modelo de leitura baseado nas informações da superfície do texto.      ,C,
31,110,"


A diva
Vamos ao teatro, Maria José?
Quem me dera,
desmanchei em rosca quinze kilos de farinha,
tou podre. Outro dia a gente vamos.
Falou meio triste, culpada,
e um pouco alegre por recusar com orgulho.
TEATRO! Disse no espelho.
TEATRO! Mais alto, desgrenhada.
TEATRO! E os cacos voaram
sem nenhum aplauso.
Perfeita.

PRADO, A. Oráculos de maio. São Paulo: Siciliano, 1999.



","


Os diferentes gêneros textuais desempenham funções sociais diversas, reconhecidas pelo leitor com base em suas características específicas, bem como na situação comunicativa em que ele é produzido. Assim, o texto A diva


",        narra um fato real vivido por Maria José.      ,        surpreende o leitor pelo seu efeito poético.      ,        relata uma experiência teatral profissional.      ,        descreve uma ação típica de uma mulher sonhadora.      ,        defende um ponto de vista relativo ao exercício teatral.      ,B,
32,121,"


Gripado, penso entre espirros em como a palavra gripe nos chegou após uma série de contágios entre línguas. Partiu da Itália em 1743 a epidemia de gripe que disseminou pela Europa, além do vírus propriamente dito, dois vocábulos virais: o italiano influenza e o francês grippe. O primeiro era um termo derivado do latim medieval influentia, que significava “influência dos astros sobre os homens”. O segundo era apenas a forma nominal do verbo gripper, isto é, “agarrar”. Supõe-se que fizesse referência ao modo violento como o vírus se apossa do organismo infectado.

RODRIGUES, S. Sobre palavras.Veja, São Paulo, 30 nov. 2011.



","


Para se entender o trecho como uma unidade de sentido, é preciso que o leitor reconheça a ligação entre seus elementos. Nesse texto, a coesão é construída predominantemente pela retomada de um termo por outro e pelo uso da elipse. O fragmento do texto em que há coesão por elipse do sujeito é:


",        “[...] a palavra gripe nos chegou após uma série de contágios entre línguas.”      ,        “Partiu da Itália em 1743 a epidemia de gripe [...]”.      ,"        “O primeiro era um termo derivado do latim medieval influentia, que significava ‘influência dos astros sobre os homens’.”      ",        “O segundo era apenas a forma nominal do verbo gripper [...]”.      ,        “Supõe-se que fizesse referência ao modo violento como o vírus se apossa do organismo infectado.”      ,E,
33,126,"


Dúvida
Dois compadres viajavam de carro por uma estrada de fazenda quando um bicho cruzou a frente do carro.
Um dos compadres falou:
— Passou um largato ali!
O outro perguntou:
— Lagarto ou largato?
O primeiro respondeu:
— Num sei não, o bicho passou muito rápido.

Piadas coloridas. Rio de Janeiro: Gênero, 2006.



","


Na piada, a quebra de expectativa contribui para produzir o efeito de humor. Esse efeito ocorre porque um dos personagens


",        reconhece a espécie do animal avistado.      ,        tem dúvida sobre a pronúncia do nome do réptil.      ,        desconsidera o conteúdo linguístico da pergunta.      ,        constata o fato de um bicho cruzar a frente do carro.      ,        apresenta duas possibilidades de sentido para a mesma palavra.      ,C,
34,123,"


Para Carr, internet atua no comércio da distração
Autor de “A Geração Superficial” analisa a influência da tecnologia na mente
O jornalista americano Nicholas Carr acredita que a internet não estimula a inteligência de ninguém. O autor explica descobertas científicas sobre o funcionamento do cérebro humano e teoriza sobre a influência da internet em nossa forma de pensar.
Para ele, a rede torna o raciocínio de quem navega mais raso, além de fragmentar a atenção de seus usuários.
Mais: Carr afirma que há empresas obtendo lucro com a recente fragilidade de nossa atenção. “Quanto mais tempo passamos on-line e quanto mais rápido passamos de uma informação para a outra, mais dinheiro as empresas de internet fazem”, avalia.
“Essas empresas estão no comércio da distração e são experts em nos manter cada vez mais famintos por informação fragmentada em partes pequenas. É claro que elas têm interesse em nos estimular e tirar vantagem da nossa compulsão por tecnologia.”

ROXO, E. Folha de S. Paulo, 18 fev. 2012 (adaptado).



","


A crítica do jornalista norte-americano que justifica o título do texto é a de que a internet


",        mantém os usuários cada vez menos preocupados com a qualidade da informação.      ,"        torna o raciocínio de quem navega mais raso, além de fragmentar a atenção de seus usuários.      ","        desestimula a inteligência, de acordo com descobertas científicas sobre o cérebro.      ",        influencia nossa forma de pensar com a superficialidade dos meios eletrônicos.      ,        garante a empresas a obtenção de mais lucro com a recente fragilidade de nossa atenção.      ,E,
35,122,"


Capítulo LIV — A pêndula
Saí dali a saborear o beijo. Não pude dormir; estirei-me na cama, é certo, mas foi o mesmo que nada. Ouvi as horas todas da noite. Usualmente, quando eu perdia o sono, o bater da pêndula fazia-me muito mal; esse tiquetaque soturno, vagaroso e seco parecia dizer a cada golpe que eu ia ter um instante menos de vida. Imaginava então um velho diabo, sentado entre dois sacos, o da vida e o da morte, e a contá-las assim:
— Outra de menos…
— Outra de menos…
— Outra de menos…
— Outra de menos…
O mais singular é que, se o relógio parava, eu dava-lhe corda, para que ele não deixasse de bater nunca, e eu pudesse contar todos os meus instantes perdidos. Invenções há, que se transformam ou acabam; as mesmas instituições morrem; o relógio é definitivo e perpétuo. O derradeiro homem, ao despedir-se do sol frio e gasto, há de ter um relógio na algibeira, para saber a hora exata em que morre.
Naquela noite não padeci essa triste sensação de enfado, mas outra, e deleitosa. As fantasias tumultuavam-me cá dentro, vinham umas sobre outras, à semelhança de devotas que se abalroam para ver o anjo-cantor das procissões. Não ouvia os instantes perdidos, mas os minutos ganhados.

ASSIS, M. Memórias póstumas de Brás Cubas. Rio de Janeiro: Nova Aguilar, 1992 (fragmento).



","


O capítulo apresenta o instante em que Brás Cubas revive a sensação do beijo trocado com Virgília, casada com Lobo Neves. Nesse contexto, a metáfora do relógio desconstrói certos paradigmas românticos, porque


",        o narrador e Virgília não têm percepção do tempo em seus encontros adúlteros.      ,"        como “defunto autor”, Brás Cubas reconhece a inutilidade de tentar acompanhar o fluxo do tempo.      ","        na contagem das horas, o narrador metaforiza o desejo de triunfar e acumular riquezas.      ",        o relógio representa a materialização do tempo e redireciona o comportamento idealista de Brás Cubas.      ,        o narrador compara a duração do sabor do beijo à perpetuidade do relógio.      ,D,
36,119,"







","


Nessa charge, o recurso morfossintático que colabora para o efeito de humor está indicado pelo(a)


","        emprego de uma oração adversativa, que orienta a quebra da expectativa ao final.      ","        uso de conjunção aditiva, que cria uma relação de causa e efeito entre as ações.      ","        retomada do substantivo ""mãe"", que desfaz a ambiguidade dos sentidos a ele atribuídos.      ","        utilização da forma pronominal ""la"", que reflete um tratamento formal do filho em relação à ""mãe"".      ","        repetição da forma verbal ""é"", que reforça a relação de adição existente entre as orações.      ",A,enem-data/enem-2013/119-images/context_img_0.png
37,131,"


O que é bullying virtual ou cyberbullying?
É o bullying que ocorre em meios eletrônicos, com mensagens difamatórias ou ameaçadoras circulando por e-mails, sites, blogs (os diários virtuais), redes sociais e celulares. É quase uma extensão do que dizem e fazem na escola, mas com o agravante de que as pessoas envolvidas não estão cara a cara. Dessa forma, o anonimato pode aumentar a crueldade dos comentários e das ameaças e os efeitos podem ser tão graves ou piores. “O autor, assim como o alvo, tem dificuldade de sair de seu papel e retomar valores esquecidos ou formar novos”, explica Luciene Tognetta, doutora em Psicologia Escolar e pesquisadora da Faculdade de Educação da Universidade Estadual de Campinas (Unicamp).

Disponível em: http://revistaescola.abril.com.br. Acesso em: 3 ago. 2012 (adaptado).



","


Segundo o texto, com as tecnologias de informação e comunicação, a prática do bullying ganha novas nuances de perversidade e é potencializada pelo fato de


",        atingir um grupo maior de espectadores.      ,        dificultar a identificação do agressor incógnito.      ,        impedir a retomada de valores consolidados pela vítima.      ,        possibilitar a participação de um número maior de autores.      ,        proporcionar o uso de uma variedade de ferramentas da internet.      ,B,
38,120,"







","


Pelas características da linguagem visual e pelas escolhas vocabulares, pode-se entender que o texto possibilita a reflexão sobre uma problemática contemporânea ao


","        criticar o transporte rodoviário brasileiro, em razão da grande quantidade de caminhões nas estradas.      ","        ironizar a dificuldade de locomoção no trânsito urbano, devida ao grande fluxo de veículos.      ","        expor a questão do movimento como um problema existente desde tempos antigos, conforme frase citada.      ","        restringir os problemas de tráfego a veículos particulares, defendendo, como solução, o transporte público.      ","        propor a ampliação de vias nas estradas, detalhando o espaço exíguo ocupado pelos veículos nas ruas.      ",B,enem-data/enem-2013/120-images/context_img_0.png
39,124,"


Na verdade, o que se chama genericamente de índios é um grupo de mais de trezentos povos que, juntos, falam mais de 180 línguas diferentes. Cada um desses povos possui diferentes histórias, lendas, tradições, conceitos e olhares sobre a vida, sobre a liberdade, sobre o tempo e sobre a natureza. Em comum, tais comunidades apresentam a profunda comunhão com o ambiente em que vivem, o respeito em relação aos indivíduos mais velhos, a preocupação com as futuras gerações, e o senso de que a felicidade individual depende do êxito do grupo. Para eles, o sucesso é resultado de uma construção coletiva. Estas ideias, partilhadas pelos povos indígenas, são indispensáveis para construir qualquer noção moderna de civilização. Os verdadeiros representantes do atraso no nosso país não são os índios, mas aqueles que se pautam por visões preconceituosas e ultrapassadas de “progresso”.

AZZI, R. As razões de ser guarani-kaiowá. Disponível em: www.outraspalavras.net. Acesso em: 7 dez. 2012.



","


Considerando-se as informações abordadas no texto, ao iniciá-lo com a expressão “Na verdade”, o autor tem como objetivo principal


",        expor as características comuns entre os povos indígenas no Brasil e suas ideias modernas e civilizadas.      ,"        trazer uma abordagem inédita sobre os povos indígenas no Brasil e, assim, ser reconhecido como especialista no assunto.      ","        mostrar os povos indígenas vivendo em comunhão com a natureza, e, por isso, sugerir que se deve respeitar o meio ambiente e esses povos.      ",        usar a conhecida oposição entre moderno e antigo como uma forma de respeitar a maneira ultrapassada como vivem os povos indígenas em diferentes regiões do Brasil.      ,"        apresentar informações pouco divulgadas a respeito dos indígenas no Brasil, para defender o caráter desses povos como civilizações, em contraposição a visões preconcebidas.      ",E,
40,116,"










Disponível em: http://orion-oblog.blogspot.com.br. Acesso em: 6 jun. 2012 (adaptado).



","


O cartaz aborda a questão do aquecimento global. A relação entre os recursos verbais e não verbais nessa propaganda revela que


",        o discurso ambientalista propõe formas radicais de resolver os problemas climáticos.      ,        a preservação da vida na Terra depende de ações de dessalinização da água marinha.      ,        a acomodação da topografia terrestre desencadeia o natural degelo das calotas polares.      ,        o descongelamento das calotas polares diminui a quantidade de água doce potável do mundo.      ,        a agressão ao planeta é dependente da posição assumida pelo homem frente aos problemas ambientais.      ,E,enem-data/enem-2013/116-images/context_img_0.png
41,127,"







","


A contemporaneidade identificada na performance / instalação do artista mineiro Paulo Nazareth reside principalmente na forma como ele


",        resgata conhecidas referências do modernismo mineiro.      ,        utiliza técnicas e suportes tradicionais na construção das formas.      ,"        articula questões de identidade, território e códigos de linguagens.      ",        imita o papel das celebridades no mundo contemporâneo.      ,        camufla o aspecto plástico e a composição visual de sua montagem.      ,C,enem-data/enem-2013/127-images/context_img_0.png
42,134,"


Art. 2º Considera-se criança, para os efeitos desta lei, a pessoa até doze anos de idade incompletos, e adolescente aquela entre doze e dezoito anos de idade. […]
Art 3º A criança e o adolescente gozam de todos os direitos fundamentais inerentes à pessoa humana, sem prejuízo da proteção integral de que trata esta Lei, assegurando-se-lhes, por lei ou por outros meios, todas as oportunidades e facilidades, a fim de lhes facultar o desenvolvimento físico, mental, moral, espiritual e social, em condições de liberdade e de dignidade.
Art 4° É dever da família, da comunidade, da sociedade em geral e do poder público assegurar, com absoluta prioridade, a efetivação dos direitos referentes à vida, à saúde, à alimentação, à educação, ao esporte, ao lazer, à profissionalização, à cultura, à dignidade, ao respeito, à liberdade e à convivência familiar e comunitária. […]

BRASIL. Lei n. 8 069, de 13 de julho de 1990. Estatuto da criança e do adolescente. Disponível em: www.planalto.gov.br (fragmento).



","


Para cumprir sua função social, o Estatuto da criança e do adolescente apresenta características próprias desse gênero quanto ao uso da língua e quanto à composição textual. Entre essas características, destaca-se o emprego de


",        repetição vocabular para facilitar o entendimento.      ,        palavras e construções que evitem ambiguidade.      ,        expressões informais para apresentar os direitos.      ,        frases na ordem direta para apresentar as informações mais relevantes.      ,        exemplificações que auxiliem a compreensão dos conceitos formulados.      ,B,
43,125,"







","


A tirinha denota a postura assumida por seu produtor frente ao uso social da tecnologia para fins de interação e de informação. Tal posicionamento é expresso, de forma argumentativa, por meio de uma atitude


","        crítica, expressa pelas ironias.      ","        resignada, expressa pelas enumerações.      ","        indignada, expressa pelos discursos diretos.      ","        agressiva, expressa pela contra-argumentação.      ","        alienada, expressa pela negação da realidade.      ",A,enem-data/enem-2013/125-images/context_img_0.png
44,129,"







","


O poema de Oswald de Andrade remonta à ideia de que a brasilidade está relacionada ao futebol. Quanto à questão da identidade nacional, as anotações em torno dos versos constituem


",        direcionamentos possíveis para uma leitura crítica de dados histórico-culturais.      ,        forma clássica da construção poética brasileira.      ,        rejeição à ideia do Brasil como o país do futebol.      ,        intervenções de um leitor estrangeiro no exercício de leitura poética.      ,        lembretes de palavras tipicamente brasileiras substitutivas das originais.      ,A,enem-data/enem-2013/129-images/context_img_0.png
45,135,"


O sociólogo espanhol Manuel Castells sustenta que “a comunicação de valores e a mobilização em torno do sentido são fundamentais. Os movimentos culturais (entendidos como movimentos que têm como objetivo defender ou propor modos próprios de vida e sentido) constroem-se em torno de sistemas de comunicação – essencialmente a internet e os meios de comunicação – porque esta é a principal via que esses movimentos encontram para chegar àquelas pessoas que podem eventualmente partilhar os seus valores, e a partir daqui atuar na consciência da sociedade no seu conjunto”.

Disponível em: www.compolitica.org. Acesso em: 2 mar. 2012 (adaptado).



","


Em 2011, após uma forte mobilização popular via redes sociais, houve a queda do governo de Hosni Mubarak no Egito. Esse evento ratifica o argumento de que


",        a internet atribui verdadeiros valores culturais aos seus usuários.      ,        a consciência das sociedades foi estabelecida com o advento da internet.      ,        a revolução tecnológica tem como principal objetivo a deposição de governantes antidemocráticos.      ,        os recursos tecnológicos estão a serviço dos opressores e do fortalecimento de suas práticas políticas.      ,"        os sistemas de comunicação são mecanismos importantes, de adesão e compartilhamento de valores sociais.      ",E,
46,133,"


Lusofonia
rapariga: s.f., fem. de rapaz: mulher nova; moça; menina; (Brasil), meretriz.
Escrevo um poema sobre a rapariga que está sentada
no café, em frente da chávena de café, enquanto
alisa os cabelos com a mão. Mas não posso escrever este
poema sobre essa rapariga porque, no brasil, a palavra
rapariga não quer dizer o que ela diz em portugal. Então,
terei de escrever a mulher nova do café, a jovem do café,
a menina do café, para que a reputação da pobre rapariga
que alisa os cabelos com a mão, num café de lisboa, não
fique estragada para sempre quando este poema atravessar o
atlântico para desembarcar no rio de janeiro. E isto tudo
sem pensar em áfrica, porque aí lá terei
de escrever sobre a moça do café, para
evitar o tom demasiado continental da rapariga, que é
uma palavra que já me está a pôr com dores
de cabeça até porque, no fundo, a única coisa que eu queria
era escrever um poema sobre a rapariga do
café. A solução, então, é mudar de café, e limitar-me a
escrever um poema sobre aquele café onde nenhuma
rapariga se pode sentar à mesa porque só servem café ao balcão.

JÚDICE, N. Matéria do Poema. Lisboa: D. Quixote, 2008.



","


O texto traz em relevo as funções metalinguística e poética. Seu caráter metalinguístico justifica-se pela


",        discussão da dificuldade de se fazer arte inovadora no mundo contemporâneo.      ,"        defesa do movimento artístico da pós-modernidade, típico do século XX.      ","        abordagem de temas do cotidiano, em que a arte se volta para assuntos rotineiros.      ","        tematização do fazer artístico, pela discussão do ato de construção da própria obra.      ","        valorização do efeito de estranhamento causado no público, o que faz a obra ser reconhecida.      ",D,
47,130,"







","


Analisando-se as informações verbais e a imagem associada a uma cabeça humana, compreende-se que a venda


","        representa a amplitude de informações que compõem a internet, às quais temos acesso em redes sociais e sites de busca.      ","        faz uma denúncia quanto às informações que são omitidas dos usuários da rede, sendo empregada no sentido conotativo.      ","        diz respeito a um buraco negro digital, onde estão escondidas as informações buscadas pelo usuário nos sites que acessa.      ",        está associada a um conjunto de restrições sociais presentes na vida daqueles que estão sempre conectados à internet.      ,"        remete às bases de dados da web, protegidas por senhas ou assinaturas e às quais o navegador não tem acesso.      ",B,enem-data/enem-2013/130-images/context_img_0.png
48,128,"







","


Os objetivos que motivam os seres humanos a estabelecer comunicação determinam, em uma situação de interlocução, o predomínio de uma ou de outra função de linguagem. Nesse texto, predomina a função que se caracteriza por


",        tentar persuadir o leitor acerca da necessidade de se tomarem certas medidas para a elaboração de um livro.      ,"        enfatizar a percepção subjetiva do autor, que projeta para sua obra seus sonhos e histórias.      ","        apontar para o estabelecimento de interlocução de modo superficial e automático, entre o leitor e o livro.      ",        fazer um exercício de reflexão a respeito dos princípios que estruturam a forma e o conteúdo de um livro.      ,"        retratar as etapas do processo de produção de um livro, as quais antecedem o contato entre leitor e obra.      ",D,enem-data/enem-2013/128-images/context_img_0.png
49,132,"







","


Os gráficos expõem dados estatísticos por meio de linguagem verbal e não verbal. No texto, o uso desse recurso


",        exemplifica o aumento da expectativa de vida da população.      ,        explica o crescimento da confiança na instituição do casamento.      ,        mostra que a população brasileira aumentou nos últimos cinco anos.      ,        indica que as taxas de casamento e emprego cresceram na mesma proporção.      ,        sintetiza o crescente número de casamentos e de ocupação no mercado de trabalho.      ,E,enem-data/enem-2013/132-images/context_img_0.png
