,number,context,question,A,B,C,D,E,answer,context-images
0,4,"


Batizado por Tancredo Neves de “Nova República”, o período que marca o reencontro do Brasil com os governos civis e a democracia ainda não completou seu quinto ano e já viveu dias de grande comoção. Começou com a tragédia de Tancredo, seguiu pela euforia do Plano Cruzado, conheceu as depressões da inflação e das ameaças da hiperinflação e desembocou na movimentação que antecede as primeiras eleições diretas para presidente em 29 anos.

O álbum dos presidentes: a história vista pelo JB. Jornal do Brasil, 15 nov. 1989.



","


O período descrito apresenta continuidades e rupturas em relação à conjuntura histórica anterior. Uma dessas continuidades consistiu na


",        representação do legislativo com a fórmula do bipartidarismo.      ,        detenção de lideranças populares por crimes de Subversão.      ,        presença de políticos com trajetórias no regime autoritário.      ,        prorrogação das restrições advindas dos atos institucionais.      ,        estabilidade da economia com o congelamento anual de preços.      ,C,
1,6,"


O Rio de Janeiro tem projeção imediata no próprio estado e no Espírito Santo, e parcela do Sul do estado da Bahia, e na Zona da Mata, e Minas Gerais, onde tem influência dividida com Belo Horizonte. Compõem a rede urbana do Rio de Janeiro, entre outras cidades: Vitória, Juiz de Fora, Cachoeiro de Itapemirim, Campos dos Goytacazes, Volta Redonda – Barra Mansa, Teixeira de Freitas, Angra dos Reis e Teresópolis.

Disponível em: http://ibge.gov.br. Acesso em: 9 jul.2015 (adaptado).



","


O conceito que expressa a relação entre o espaço apresentado e a cidade do Rio de Janeiro é:


",        Frente pioneira.      ,        Zona de transição.      ,        Região polarizada.      ,        Área de conurbação.      ,        Periferia metropolitana.      ,C,
2,13,"


Pesca industrial provoca destruição na África
O súbito desaparecimento do bacalhau dos grandes cardumes da Terra Nova, no final do século XX – O que ninguém havia previsto -, teve o efeito de um eletrochoque planetário. Lançada pelos bascos no século XV, a pesca e depois a sobrepesca desse grande peixe de água fria levaram ao impensável. Ao Canadá o bacalhau nunca mais voltou. E o que Ocorreu no Atlântico Norte está acontecendo em outros mares. Os maiores navios do mundo seguem agora em direção ao sul, até os limites da Antártida, para competir pelos estoques remanescentes.

MORA, J. S. Disponível em: www.diplomatique.com.br. Acesso em 14 jan. 2014.



","


O problema exposto no texto jornalístico relaciona-se à


",        insustentabilidade do modelo de produção e consumo.      ,        fragilidade ecológica de ecossistemas costeiros.      ,        inviabilidade comercial dos produtos marinhos.      ,        mudança natural nos Oceanos e mares.      ,        vulnerabilidade social de áreas pobres.      ,A,
3,10,"


A regulação das relações de trabalho compõe uma estrutura complexa, em que cada elemento se ajusta aos demais. A Justiça do Trabalho é apenas uma das peças dessa vasta engrenagem. A presença de representantes classistas na composição dos órgãos da Justiça do Trabalho é também resultante da montagem dessa regulação. O poder normativo também reflete essa característica. Instituída pela Constituição de 1934, a Justiça do Trabalho só vicejou no ambiente político do Estado Novo instaurado em 1937.

ROMITA, A. S. Justiça do Trabalho: produto do Estado Novo. In: PANDOLFI, D. (Org.). Repensando o Estado Novo, Rio de Janeiro: Editora FGV, 1999.



","


A criação da referida instituição estatal na conjuntura histórica abordada teve por objetivo


",        legitimar os protestos fabris.      ,        ordenar os conflitos laborais.      ,        oficializar os sindicatos plurais.      ,        assegurar os princípios liberais.      ,        unificar os salários profissionais.      ,B,
4,16,"


Quanto mais complicada se tornou a produção industrial, mais numerosos passaram a ser os elementos da indústria que exigiam garantia de fornecimento. Três deles eram de importância fundamental: o trabalho, a terra e o dinheiro. Numa sociedade comercial, esse fornecimento só poderia ser organizado de uma forma: tornando-os disponíveis à compra. Agora eles tinham que ser organizados para a venda no mercado. Isso estava de acordo com a exigência de um sistema de mercado. Sabemos que em um sistema como esse, os lucros só podem ser assegurados se se garante a autorregulação por meios de mercados competitivos interdependentes.

POLANYI, K. A grande transformação: As origens de nossa época. Rio de Janeiro: Campus, 2000 (Adaptado).



","


A consequência do processo de transformação socioeconômica abordada no texto é a


",        expansão das terras comunais.      ,        limitação do mercado como meio de especulação.      ,        consolidação da força de trabalho como mercadoria.      ,        diminuição do comércio como efeito da industrialização.      ,        adequação do dinheiro como elemento padrão das transações.      ,C,
5,11,"


Vi os homens sumirem-se numa grande tristeza. Os melhores cansaram-se das suas obras. Proclamou-se uma doutrina e com ela circulou uma crença: Tudo é oco, tudo é igual, tudo passou! O nosso trabalho foi inútil; o nosso vinho tornou-se veneno; o mau olhado amareleceu-nos os campos e os corações. Secamos de todo, e se caísse fogo em cima de nós, as nossas cinzas voariam em pó. Sim; cansamos o próprio fogo. Todas as fontes secaram para nós, e o mar retirou-se. Todos os solos se querem abrir, mas os abismos não nos querem tragar!

NIETZSCHE, F. Assim falou Zaratustra, Rio de Janeiro. Ediouro, 1977.



","


O texto exprime uma construção alegórica, que traduz um entendimento da doutrina niilista, uma vez que


",        reforça a liberdade do cidadão.      ,        desvela os valores do cotidiano.      ,        exorta as relações de produção.      ,        destaca a decadência da cultura.      ,        amplifica o sentimento de ansiedade.      ,D,
6,15,"


A África Ocidental é conhecida pela dinâmica das suas mulheres comerciantes, caracterizadas pela perícia, autonomia e mobilidade. A sua presença, que fora atestada por viajantes e por missionários portugueses que visitaram a costa a partir do século XV, Consta também na ampla documentação sobre a região. A literatura é rica em referências às grandes mulheres como as vendedoras ambulantes, cujo jeito para o negócio, bem como a autonomia e mobilidade, é tão típico da região.

HAVIK, P. Dinâmicas e assimetrias afro-atlânticas: a agência feminina e representações em mudança na Guiné (séculos XIX e XX). In: PANTOJA, S. (Org.). Identidades, memórias e histórias em terras africanas, Brasília: LGE; Luanda: Nzila, 2006.



","


A abordagem realizada pelo autor sobre a vida social da África Ocidental pode ser relacionada a uma característica marcante das cidades no Brasil escravista nos séculos XVIII e XIX, que se observa pela


",        restrição à realização do comércio ambulante por africanos escravizados e seus descendentes.      ,"        convivência entre homens e mulheres livres, de diversas origens, no pequeno comércio.      ",        presença de mulheres negras no comércio de rua de diversos produtos e alimentos.      ,        dissolução dos hábitos culturais trazidos do continente de origem dos escravizados.      ,        entrada de imigrantes portugueses nas atividades ligadas ao pequeno comércio urbano.      ,C,
7,3,"


Sentimos que toda satisfação de nossos desejos advinda do mundo assemelha-se à esmola que mantém hoje o mendigo vivo, porém prolonga amanhã a sua fome. A resignação, ao contrário, assemelha-se à fortuna herdada: livra o herdeiro para sempre de todas as preocupações.

SCHOPENHAUER, A. Aforismo para a sabedoria da vida. São Paulo: Martins Fontes, 2005.



","


O trecho destaca uma ideia remanescente de uma tradição filosófica ocidental, segundo a qual a felicidade se mostra indissociavelmente ligada à


",        consagração de relacionamentos afetivos.      ,        administração da independência interior.      ,        fugacidade do conhecimento empírico.      ,        liberdade de expressão religiosa.      ,        busca de prazeres efêmeros.      ,B,
8,1,"


Hoje, a indústria cultural assumiu a herança civilizatória da democracia de pioneiros e empresários, que tampouco desenvolvera uma fineza de sentido para os desvios espirituais. Todos são livres para dançar e para se divertir do mesmo modo que, desde a neutralização histórica da religião, são livres para entrar em qualquer uma das inúmeras seitas. Mas a liberdade de escolha da ideologia, que reflete sempre a coerção econômica, revela-se em todos os setores como a liberdade de escolher o que é sempre a mesma coisa.

ADORNO, T; HORKHEIMER, M. Dialética do esclarecimento: fragmentos filosóficos. Rio de Janeiro; Zahar, 1985



","


A liberdade de escolha na civilização ocidental, de acordo com a análise do texto, é um(a)


",        legado social.      ,        patrimônio politico.      ,        produto da moralidade.      ,        conquista da humanidade.      ,        ilusão da contemporaneidade.      ,E,
9,14,"


A mundialização introduz o aumento da produtividade do trabalho sem acumulação de capital, justamente pelo caráter divisível da forma técnica molecular digital do que resulta a permanência da má distribuição da renda: exemplificando mais uma vez, os vendedores de refrigerantes às portas dos estádios viram sua produtividade aumentada graças ao just in time dos fabricantes e distribuidores de bebidas, mas para realizar o valor de tais mercadorias, a forma do trabalho dos vendedores é a mais primitiva. Combinam-se, pois, acumulação molecular-digital com o puro uso da força de trabalho.

OLIVEIRA, F. Crítica à razão dualista e o ornitorrinco. Campinas Boitempo, 2003.



","


Os aspectos destacados no texto afetam diretamente questões como emprego e renda, sendo possível explicar essas transformações pelo(a)


",        crise bancária e o fortalecimento do capital industrial.      ,        inovação toyotista e a regularização do trabalho formal.      ,        impacto da tecnologia e as modificações na estrutura produtiva.      ,        emergência da globalização e a expansão do setor secundário.      ,        diminuição do tempo de trabalho e a necessidade do diploma superior.      ,C,
10,8,"


No início de maio de 2014, a instalação da plataforma petrolífera de perfuração HYSY-981 nas águas contestadas do Mar da China Meridional suscitou especulações sobre as motivações chinesas. Na avaliação de diversos observadores ocidentais, Pequim pretendeu, com esse gesto, demonstrar que pode impor seu controle e dissuadir outros países de seguir com suas reivindicações de direito de exploração dessas águas, como é o caso do Vietnã e das Filipinas.

KLARE, MT. A guerra pelo petróleo se joga no mar. Le Monde Diplomatique Brasil, abr. 2015.



","


A ação da China em relação à situação descrita no texto evidencia um Conflito que tem como foco o(a):


",        Distribuição das zonas econômicas especiais.      ,        Monopólio das inovações tecnológicas extrativas.      ,        Dinamização da atividade comercial.      ,        Jurisdição da soberania territorial.      ,        Embargo da produção industrial.      ,D,
11,9,"


A Operação Condor está diretamente vinculada às experiências históricas das ditaduras civil-militares que se disseminaram pelo Cone Sul entre as décadas de 1960 e 1980. Depois do Brasil (e do Paraguai de Stroessner), foi a vez da Argentina (1966), Bolívia (1966 e 1971), Uruguai e Chile (1973) e Argentina (novamente, em 1976). Em todos os casos se instalaram ditaduras civil-militares (em menor ou maior medida) com base na Doutrina de Segurança Nacional e tendo como principais características um anticomunismo militante, a identificação do inimigo interno, a imposição do papel político das Forças Armadas e a definição de fronteiras ideológicas.

PADRÓS, E. S. et al. Ditadura de Segurança Nacional no Rio Grande do Sul (1964-1985). história e memória. Porto Alegre: Corag, 2009 (adaptado).



","


Levando-se em conta o contexto em que foi criada, a referida operação tinha como objetivo coordenar a


",        modificação de limites territoriais.      ,        sobrevivência de oficiais exilados.      ,        interferência de potências mundiais.      ,        repressão de ativistas oposicionistas.      ,        implantação de governos nacionalistas.      ,D,
12,17,"


O que ocorreu na Bahia de 1798, ao contrário das outras situações de contestação política na América portuguesa, é que o projeto que lhe era subjacente não tocou somente na condição, ou no instrumento, da integração subordinada das colônias no império luso. Dessa feita, ao contrário do que se deu nas Minas Gerais (1789), a sedição avançou sobre a sua decorrência.

JANCSÓ, I.; PIMENTA, J. P. Peças de um mosaico. In: MOTA, C. G. (Org.) Viagem incompleta: a experiência brasileira (1500-2000). São Paulo: Senac, 2000.



","


A diferença entre as sedições abordadas no texto encontrava-se na pretensão de


",        eliminar a hierarquia militar.      ,        abolir a escravidão africana.      ,        anular o domínio metropolitano.      ,        suprimir a propriedade fundiária.      ,        extinguir o absolutismo monárquico.      ,B,
13,2,"







","


Dentro das atuais redes produtivas, o referido bloco apresenta composição estratégica por se tratar de um conjunto de países com


",        elevado padrão social.      ,        sistema monetário integrado.      ,        alto desenvolvimento tecnológico.      ,        identidades culturais semelhantes.      ,        vantagens locacionais complementares.      ,E,enem-data/enem-2016/2-images/context_img_0.png
14,12,"










O Cruzeiro, década de 1960. Disponível em: www.memoriaviva.com.br.
Acesso em: 28 fev. 2012 (adaptado).



","


No anúncio, há referências a algumas das transformações ocorridas no Brasil nos anos 1950 e 1960. No entanto, tais referências omitem transformações que impactaram segmentos da população, como a


",        exaltação da tradição colonial.      ,        redução da influência estrangeira.      ,        ampliação da imigração internacional.      ,        intensificação da desigualdade regional.      ,        desconcentração da produção industrial.      ,D,enem-data/enem-2016/12-images/context_img_0.png
15,5,"









Os moradores de Andalsnes, na Noruega, poderiam se dar ao luxo de morar perto do trabalho nos dias úteis e de se refugiar na calmaria do bosque aos fins de semana. E sem sair da mesma casa. Bastaria achar uma vaga para estacionar o imóvel antes de curtir o novo endereço.

Disponível em: http://casavogue.globo.com. Acesso em 3 out 2015 (adaptado)



","


Uma vez implementada, essa proposta afetaria a dinâmica do espaço urbano por reduzir a intensidade do seguinte processo:


",        Êxodo rural.      ,        Movimento pendular.      ,        Migração de retorno.      ,        Deslocamento sazonal.      ,        Ocupação de áreas centrais.      ,B,enem-data/enem-2016/5-images/context_img_0.png
16,18,"


TEXTO I
Documentos do século XVI algumas vezes se referem aos habitantes indígenas Como “os brasis” ou “gente brasília” e, ocasionalmente no século XVII, o termo “brasileiro” era a eles aplicado, mas as referências ao status econômico e jurídico desses eram muito mais populares. Assim, os termos “negro da terra” e “índios” eram utilizados com mais frequência do que qualquer outro.

SCHWARTZ, S. B. Gente da terra braziliense da nação. Pensando o Brasil a Construção de um povo. In: MOTA, C. G. (Org.) Viagem incompleta a experiência brasileira (1500-2000). São Paulo Senac, 2000 (adaptado)





TEXTO II
Índio é um conceito construído no processo de conquista da América pelos europeus. Desinteressados pela diversidade cultural, imbuídos de forte preconceito para com o outro, o indivíduo de outras culturas, espanhóis, portugueses, franceses e anglo-saxões terminaram por denominar da mesma forma povos tão dispares quanto os tupinambas e os astecas.

SILVA, K. W.; SILVA, M. H. Dicionário de conceitos históricos, São Paulo: Contexto, 2005



","


Ao comparar os textos, as formas de designação dos grupos nativos pelos europeus, durante o período analisado, são reveladoras da


","        concepção idealizada do território, entendido como geograficamente indiferenciado.      ",        percepção corrente de uma ancestralidade comum às populações ameríndias.      ,        compreensão etnocêntrica acerca das populações dos territórios conquistados.      ,        transposição direta das Categorias originadas no imaginário medieval.      ,        visão utópica configurada a partir de fantasias de riqueza.      ,C,
17,22,"


Segundo a Conferência de Quioto, os países centrais industrializados, responsáveis históricos pela poluição, deveriam alcançar a meta de redução de 5,2% do total de emissões segundo níveis de 1990. O nó da questão é o enorme custo desse processo, demandando mudanças radicais nas indústrias para que se adaptem rapidamente aos limites de emissão estabelecidos e adotem tecnologias energéticas limpas. A comercialização internacional de créditos de sequestro ou de redução de gases causadores do efeito estufa foi a solução encontrada para reduzir o custo global do processo. Países ou empresas que conseguirem reduzir as emissões abaixo de suas metas poderão vender este crédito para outro país ou empresa que não consiga.

BECKER, B. AMAZÔNIA: geopolítica na virada do II milênio. Rio de Janeiro: Garamond, 2009.



","


As posições contrárias à estratégia de compensação presente no texto relacionam-se à ideia de que ela promove


",        retração nos atuais níveis de consumo.      ,        surgimento de conflitos de caráter diplomático.      ,        diminuição dos lucros na produção de energia.      ,        desigualdade na distribuição do impacto ecológico.      ,        decréscimo dos Índices de desenvolvimento econômico.      ,D,
18,7,"








TEXTO II




A eleição dos novos bens, ou melhor, de novas formas de se conceber a condição do patrimônio cultural nacional, também permite que diferentes grupos sociais, utilizando as leis do Estado e o apoio de especialistas, revejam as imagens e alegorias do seu passado, do que querem guardar e definir como próprio e identitário.

ABREU, M.; SOIHET, R.; GONTIJO, R. (Org.). Cultura política e leituras do passado: historiografia e ensino de história, Rio de Janeiro Civilização Brasileira, 2007



","


O texto chama a atenção para a importância da proteção de bens que, como aquele apresentado na imagem, se identificam como:


",        Artefatos sagrados.      ,        Heranças materiais.      ,        Objetos arqueológicos.      ,        Peças comercializáveis.      ,        Conhecimentos tradicionais.      ,E,enem-data/enem-2016/7-images/context_img_0.png
19,19,"


Ser ou não ser — eis a questão.
Morrer — dormir — Dormir! Talvez sonhar. Aí está o obstáculo!
Os sonhos que hão de vir no sono da morte
Quando tivermos escapado ao tumulto vital
Nos obriguam a hesitar: e é essa a reflexão
Que dá à desventura uma vida tão longa.

SHAKESPEARE, W. Hamlet. Porto Alegre: L&PM, 2007



","


Este solilóquio pode ser considerado um precursor do existencialismo ao enfatizar a tensão entre


",        consciência de si e angústia humana.      ,        inevitabilidade do destino e incerteza moral.      ,        tragicidade da personagem e ordem do mundo.      ,        racionalidade argumentativa e loucura iminente.      ,        dependência paterna e impossibilidade de ação.      ,A,
20,27,"


TEXTO I
Mais de 50 mil refugiados entraram no território húngaro apenas no primeiro semestre de 2015. Budapeste lançou os “trabalhos preparatórios” para a construção de um muro de quatro metros de altura de 175 km ao longo de sua fronteira com a Sérvia, informou o ministro húngaro das Relações Exteriores. “Uma resposta comum da União Europeia a este desafio da imigração é muito demorada, e a Hungria não pode esperar. Temos que agir”, justificou o ministro.

Disponível em: www.portugues.rfi.fr Acesso em 19 Jun 2015 (adaptado).





TEXTO II
O Alto Comissariado das Nações Unidas para Refugiados (ACNUR) critica as manifestações de Xenofobia adotadas pelo governo da Hungria. O país foi invadido por cartazes nos quais o chefe do executivo insta os imigrantes a respeitarem as leis e a não “roubarem” os empregos dos húngaros. Para o ACNUR, a medida é surpreendente, pois a xenofobia costuma ser instigada por pequenos grupos radicais e não pelo próprio governo do país.

Disponível em: http://pt.euronews.com. Acesso em 19 jun.2015 (adaptado).



","


O posicionamento governamental citado nos textos é criticado pelo ACNUR por ser considerado um caminho para o(a)


",        alteração do regime político.      ,        fragilização da supremacia nacional.      ,        expansão dos domínios geográficos.      ,        cerceamento da liberdade de expressão.      ,        fortalecimento das práticas de discriminação.      ,E,
21,30,"


A linhagem dos primeiros críticos ambientais brasileiros não praticou o elogio laudatório da beleza e da grandeza do meio natural brasileiro. O meio natural foi elogiado por sua riqueza e potencial econômico, sendo sua destruição interpretada como um signo de atraso, ignorância e falta de cuidado.

PADUA, J. A. Um sopro de destruição: pensamento político e crítica ambiental no Brasil escravista (1786-1888). Rio de Janeiro:Zahar, 2002 (adaptado).



","


Descrevendo a posição dos críticos ambientais brasileiros dos séculos XVIII e XIX, o autor demonstra que, via de regra, eles viam o meio natural como


",        ferramenta essencial para o avanço da nação.      ,        dádiva divina para o desenvolvimento industrial.      ,        paisagem privilegiada para a valorização fundiária.      ,        limitação topográfica para a promoção da urbanização.      ,        obstáculo climático para o estabelecimento da civilização.      ,A,
22,24,"


Ser moderno é encontrar-se em um ambiente que promete aventura, poder, alegria, crescimento, autotransformação e transformação das coisas em redor – mas ao mesmo tempo ameaça destruir tudo o que temos, tudo o que sabemos, tudo o que somos. A experiência ambiental da modernidade anula todas as fronteiras geográficas e raciais, de classe e nacionalidade: nesse sentido, pode-se dizer que a modernidade une a espécie humana. Porém, é uma unidade paradoxal, uma unidade de de Sunidade.

BERMAN, M. Tudo que é sólido desmancha no ar: a aventura da modernidade. São Paulo: Cia, das Letras, 1986 (adaptado).



","


O texto apresenta uma interpretação da modernidade que a caracteriza como um(a)


",        dinâmica social contraditória.      ,        interação coletiva harmônica.      ,        fenômeno econômico estável.      ,        sistema internacional decadente.      ,        processo histórico homogeneizador.      ,A,
23,25,"


Não estou mais pensando como costumava pensar. Percebo isso de modo mais acentuado quando estou lendo. Mergulhar num livro, ou num longo artigo, costumava ser fácil. Isso raramente ocorre atualmente. Agora minha atenção começa a divagar depois de duas ou três páginas. Creio que sei o que está acontecendo. Por mais de uma década venho passando mais tempo On-line, procurando e surfando e algumas vezes acrescentando informação à grande biblioteca da internet. A internet tem sido uma dádiva para um escritor como eu. Pesquisas que antes exigiam dias de procura em jornais ou na biblioteca agora podem ser feitas em minutos. Como disse o teórico da comunicação Marshall McLuhan nos anos 60, a mídia não é apenas um canal passivo para o tráfego de informação. Ela fornece a matéria, mas também molda o processo de pensamento. E o que a net parece fazer é pulverizar minha capacidade de concentração e contemplação.

CARR, N. Is Google making us stupid’? Disponível em: www.theatlantic.com. Acesso em: 17 fev. 2013 (adaptado).



","


Em relação à internet, a perspectiva defendida pelo autor ressalta um paradoxo que se caracteriza por


",        associar uma experiência superficial à abundância de informações.      ,        condicionar uma capacidade individual à desorganização da rede.      ,        agregar uma tendência contemporânea à aceleração do tempo.      ,        aproximar uma mídia inovadora à passividade da recepҫãо.      ,        equiparar uma ferramenta digital à tecnologia analógica.      ,A,
24,23,"


Dados recentes mostram que muitos são os países periféricos que dependem dos recursos enviados pelos imigrantes que estão nos países centrais. Grande parte dos países da América Latina, por exemplo, depende hoje das remessas de seus imigrantes. Para se ter uma ideia mais concreta, recentes dados divulgados pela ONU revelaram que somente os indianos recebem 10 bilhões de dólares de seus compatriotas no exterior. No México, segundo maior volume de divisas, esse valor chega a 9,9 bilhões de dólares e nas Filipinas, o terceiro, a 8,4 bilhões.

HAESBAERT, R.; PORTO-GONÇALVES, C. W. A nova des-ordem mundial. São Paulo: Edunesp, 2006.



","


Um aspecto do mundo globalizado que facilitou a ocorrência do processo descrito, na transição do século XX para o século XXI, foi o(a)


",        integração de culturas distintas.      ,        avanço técnico das comunicações.      ,        quebra de barreiras alfandegárias.      ,        flexibilização de regras trabalhistas.      ,        desconcentração espacial da produção.      ,B,
25,20,"


TEXTO I












Tradução: “As mulheres do futuro farão da Lua um
lugar mais limpo para se viver”.

Disponível em: www.propagandashistoricas.com.br. Acesso em: 16 out. 2015.





TEXTO II
Metade da nova equipe da Nasa é composta por mulheres
Até hoje, cerca de 350 astronautas americanos já estiveram no espaço, enquanto as mulheres não chegam a ser um terço desse número. Após o anúncio da turma composta 50% por mulheres, alguns internautas escreveram comentários machistas e desrespeitosos sobre a escolha nas redes sociais.

Disponível em: https//catracalivre com br. Acesso em 10 mar 2016



","


A comparação entre o anúncio publicitário de 1968 e a repercussão da notícia mostra a


",        elitização da carreira científica.      ,        qualificação da atividade doméstica.      ,        ambição de indústrias patrocinadoras.      ,        manutenção de estereótipos de gênero.      ,        equiparação de papeis nas relações familiares.      ,D,enem-data/enem-2016/20-images/context_img_0.png
26,28,"


A sociologia ainda não ultrapassou a era das construções e das sínteses filosóficas. Em vez de assumir a tarefa de lançar luz sobre uma parcela restrita do campo social, ela prefere buscar as brilhantes generalidades em que todas as questões são levantadas sem que nenhuma seja expressamente tratada. Não é com exames sumários e por meio de intuições rápidas que se pode chegar a descobrir as leis de uma realidade tão complexa. Sobretudo, generalizações às vezes tão amplas e tão apressadas não são suscetíveis de nenhum tipo de prova.

DURKHEIM, E. O suicídio: estudo de sociologia. São Paulo: Martins Fontes, 2000.



","


O texto expressa o esforço de Émile Durkheim em construir uma sociologia com base na


",        vinculação com a filosofia como saber unificado.      ,        reunião de percepções intuitivas para demonstração.      ,        formulação de hipóteses subjetivas sobre a vida social.      ,        adesão aos padrões de investigação típicos das ciências naturais.      ,        incorporação de um conhecimento alimentado pelo engajamento político.      ,D,
27,31,"


O coronelismo era fruto de alteração na relação de forças entre os proprietários rurais e o governo, e significava o fortalecimento do poder do Estado antes que o predomínio do coronel. Nessa concepção, o coronelismo é, então, um sistema político nacional, com base em barganhas entre o governo e os coronéis. O coronel tem o controle dos cargos públicos, desde o delegado de policia até a professora primária. O coronel hipoteca seu apoio ao governo, sobretudo na forma de voto.

CARVALHO, J. M. Pontos e bordados: escritos de história política. Belo Horizonte. Editora UFMG, 1998 (adaptado)



","


No contexto da Primeira República no Brasil, as relações políticas descritas baseavam-se na


",        coação das milícias locais      ,        estagnação da dinâmica urbana      ,        valorização do proselitismo partidário      ,        disseminação de práticas clientelistas      ,        centralização de decisões administrativas.      ,D,
28,29,"










Disponível em: www.imageforum-diffusion.afp.com. Acesso em: 6 jan. 2016



","


O regime do Apartheid adotado de 1948 a 1994 na Africa do Sul fundamentava-se em ações estatais de segregacionismo racial. Na imagem, fuzileiros navais fazem valer a “lei do passe” que regulamentava o(a)


","        concentração fundiária, impedindo os negros de tomar posse legítima do uso da terra.      ","        boicote econômico, proibindo os negros de consumir produtos ingleses sem resistência armada.      ","        sincretismo religioso, vetando os ritos sagrados dos negros nas cerimônias oficiais do Estado.      ","        controle sobre a movimentação, desautorizando os negros a transitar em determinadas áreas das cidades.      ","        exclusão do mercado de trabalho, negando a população negra o acesso aos bens de consumo.      ",D,enem-data/enem-2016/29-images/context_img_0.png
29,33,"


Em 1935, o governo brasileiro começou a negar vistos a judeus. Posteriormente, durante o Estado Novo, uma circular secreta proibiu a concessão de vistos a “pessoas de origem semita”, inclusive turistas e negociantes, o que causou uma queda de 75% da imigração judaica ao longo daquele ano. Entretanto, mesmo com as imposições da lei, muitos judeus continuaram entrando ilegalmente no país durante a guerra e as ameaças de deportação em massa nunca foram concretizadas, apesar da extradição de alguns indivíduos por sua militância política.

GRIMBERG, K. Nova língua interior. 500 anos de história dos judeus no Brasil. In: IBGE, Brasil: 500 anos de povoamento. Rio de Janeiro: IBGE, 2000 (adaptado).



","


Uma razão para a adoção da política de imigração mencionada no texto foi o(a)


",        receio do controle sionista sobre a economia nacional.      ,        reserva de postos de trabalho para a mão de obra local.      ,        oposição do clero católico à expansão de novas religiões.      ,        apoio da diplomacia varguista às opiniões dos líderes árabes.      ,        simpatia de membros da burocracia pelo projeto totalitário alemão.      ,E,
30,26,"









Uma scena franco-brazileira: “franco” – pelo local e os personagens, o local que é Paris e os personagens que são pessoas do povo da grande capital; “brazileira” pelo que ahi se está bebendo: café do Brazil. O Lettreiro diz a verdade apregoando que esse é o melhor de todos os cafés. (Essa página foi desenhada especialmente para A Ilustração Brazileira pelo Sr. Tofani, desenhista do Je Sais Tout.)

A Illustração Brazileira, n. 2, 15 jun. 1909 (adaptado).



","


A página do periódico do início do séc XX documenta um importante elemento da cultura francesa, que é revelador do papel do Brasil na economia mundial, indicado no seguinte aspecto:


",        Prestador de serviços gerais.      ,        Exportador de bens industriais.      ,        Importador de padrões estéticos.      ,        Fornecedor de produtos agrícolas.      ,        Formador de padrões de consumo.      ,D,enem-data/enem-2016/26-images/context_img_0.png
31,38,"


A promessa da tecnologia moderna se converteu em uma ameaça, ou esta se associou àquela de forma indissolúvel. Ela Vai além da constatação da ameaça física. Concebida para a felicidade humana, a submissão da natureza, na sobremedida de seu sucesso, que agora se estende à própria natureza do homem, conduziu ao maior desafio já posto ao ser humano pela sua própria ação. O novo continente da práxis coletiva que adentramos com a alta tecnologia ainda constitui, para a teoria ética, uma terra de ninguém.

JONAS, H. O princípio da responsabilidade. Rio de Janeiro: Contraponto; Editora PUC-Rio, 2011 (adaptado).



","


As implicações éticas da articulação apresentada no texto impulsionam a necessidade de construção de um novo padrão de comportamento, cujo objetivo consiste em garantir o(a)


",        pragmatismo da escolha individual.      ,        sobrevivência de gerações futuras.      ,        fortalecimento de políticas liberais.      ,        valorização de múltiplas etnias.      ,        promoção da inclusão social.      ,B,
32,34,"


Pirro afirmava que nada é nobre nem vergonhoso, justo ou injusto, e que, da mesma maneira, nada existe do ponto de vista da verdade, que os homens agem apenas segundo a lei e o costume, nada sendo mais isto do que aquilo. Ele levou uma vida de acordo com esta doutrina, nada procurando evitar e não se desviando do que quer que fosse, suportando tudo, carroças, por exemplo, precipícios, cães, nada deixando ao arbítrio dos sentidos.

LAÉRCIO, D. Vidas e sentenças dos filósofos ilustres. Brasília: Editora UnB, 1988.



","


O ceticismo, conforme sugerido no texto, caracteriza-se por:


",        Desprezar quaisquer convenções e obrigações da sociedade.      ,        Atingir o verdadeiro prazer como o princípio e o fim da vida feliz.      ,        Defender a indiferença e a impossibilidade de obter alguma certeza.      ,        Aceitar o determinismo e ocupar-se com a esperança transcendente.      ,        Agir de forma virtuosa e sábia a fim de enaltecer o homem bom e belo.      ,C,
33,35,"


O conceito de função social da cidade incorpora a organização do espaço físico como fruto da regulação social, isto é, a cidade deve contemplar todos os seus moradores e não somente aqueles que estão no mercado formal da produção capitalista da cidade. A tradição dos códigos de edificação, uso e ocupação do solo no Brasil sempre partiram do pressuposto de que a cidade não tem divisões entre os incluídos e os excluídos socialmente.

QUINTO JR., L. P. Nova legislação urbana e os velhos fantasmas Estudos Avançados (USP), n. 47, 2003 (adaptado).



","


Uma política governamental que contribui para viabilizar a função social da cidade, nos moldes indicados no texto, é a


",        qualificação de serviços públicos em bairros periféricos.      ,        implantação de centros comerciais em eixos rodoviários.      ,        proibição de construções residenciais em regiões íngremes.      ,        disseminação de equipamentos culturais em locais turísticos.      ,        desregulamentação do setor imobiliário em áreas favelizadas.      ,A,
34,43,"


Pois quem seria tão inútil ou indolente a ponto de não desejar saber como e sob que espécie de constituição os romanos conseguiram em menos de cinquenta e três anos submeter quase todo o mundo habitado ao seu governo exclusivo – fato nunca antes ocorrido? Ou, em outras palavras, quem seria tão apaixonadamente devotado a outros espetáculos ou estudos a ponto de considerar qualquer outro objetivo mais importante que a aquisição desse conhecimento?

POLÍBIO. História, Brasília: Editora UnB, 1985.



","


A experiência a que se refere o historiador Políbio, nesse texto escrito no século II a.C., é a


",        ampliação do contingente de camponeses livres.      ,        consolidação do poder das falanges hoplitas.      ,        concretização do desígnio imperialista.      ,        adoção do monoteísmo cristão.      ,        libertação do domínio etrusco.      ,C,
35,36,"


O bioma Cerrado foi considerado recentemente um dos 25 hotspots de biodiversidade do mundo segundo uma análise em escala mundial das regiões biogeográficas sobre áreas globais prioritárias para conservação. O conceito de hotspot foi criado tendo em vista a escassez de recursos direcionados para conservação, com o objetivo de apresentar os chamados “pontos quentes”, ou seja, locais para os quais existe maior necessidade de direcionamento de esforços, buscando evitar a extinção de muitas espécies que estão altamente ameaçadas por ações antrópicas.

PINTO, PP: DINIZ-FILHO, J. A. F. In: ALMEIDA, M. G. (Org.). Tantos cerrados: múltiplas abordagens sobre a biogeodiversidade e singularidade Cultural Goiânia: Vieira, 2005 (adaptado).



","


A necessidade desse tipo de ação na área mencionada tem como causa a


",        intensificação da atividade turística.      ,        implantação de parques ecológicos.      ,        exploração dos recursos minerais.      ,        elevação do extrativismo vegetal.      ,        expansão da fronteira agrícola.      ,E,
36,42,"


Nunca nos tornaremos matemáticos, por exemplo, embora nossa memória possua todas as demonstrações feitas por outros, se nosso espírito não for capaz de resolver toda espécie de problemas; não nos tornaríamos filósofos, por ter lido todos os raciocínios de Platão e Aristóteles, sem poder formular um juízo sólido sobre o que nos é proposto. Assim, de fato, pareceríamos ter aprendido, não ciências, mas histórias.

DESCARTES, R. Regras para a orientação do espírito. São Paulo: Martins Fontes, 1999.



","


Em sua busca pelo saber verdadeiro, o autor considera o conhecimento, de modo crítico, como resultado da


",        investigação de natureza empírica.      ,        retomada da tradição intelectual.      ,        imposição de valores ortodoxos.      ,        autonomia do sujeito pensante.      ,        liberdade do agente moral.      ,D,
37,40,"


Participei de uma entrevista com o músico Renato Teixeira. Certa hora, alguém pediu para listar as diferenças entre a música sertaneja antiga e a atual. A resposta dele surpreendeu a todos: “Não há diferença alguma. A música caipira sempre foi a mesma. É uma música que espelha a vida do homem no campo, e a música não mente. O que mudou não foi a música, mas a vida no campo”. Faz todo sentido: a música caipira de raiz exalava uma solidão, um certo distanciamento do país “moderno”. Exigir o mesmo de uma música feita hoje, num interior conectado, globalizado e rico como o que temos, é impossível. Para o bem ou para o mal, a música reflete seu próprio tempo.

BARCINSKI, A. Mudou a música ou mudaram os caipiras? Folha de São Paulo, 4 jun, 2012 (adaptado)



","


A questão cultural indicada no texto ressalta o seguinte aspecto socioeconômico do atual campo brasileiro


",        Crescimento do sistema de produção extensiva      ,        Expansão de atividades das novas ruralidades      ,        Persistência de relações de trabalho compulsório.      ,        Contenção da politica de subsidios agricolas      ,        Fortalecimento do modelo de organização cooperativa      ,B,
38,37,"


A democracia deliberativa afirma que as partes do Conflito político devem deliberar entre si e, por meio de argumentação razoável, tentar chegar a um acordo sobre as políticas que seja satisfatório para todos. A democracia ativista desconfia das exortações à deliberação por acreditar que, no mundo real da política, onde as desigualdades estruturais influenciam procedimentos e resultados, processos democráticos que parecem cumprir as normas de deliberação geralmente tendem a beneficiar os agentes mais poderosos. Ela recomenda, portanto, que aqueles que se preocupam com a promoção de mais justiça devem realizar principalmente a atividade de oposição crítica, em vez de tentar chegar a um acordo com quem sustenta estruturas de poder existentes ou delas se beneficia.

YOUNG, I. M. Desafios ativistas à democracia deliberativa Revista Brasileira de Ciência Política, n. 13, jan-abr. 2014.



","


As concepções de democracia deliberativa e de democracia ativista apresentadas no texto tratam como imprescindíveis, respectivamente,


",        a decisão da maioria e a uniformização de direitos.      ,        a organização de eleições e o movimento anarquista.      ,        a obtenção do consenso e a mobilização das minorias.      ,        a fragmentação da participação e a desobediência civil.      ,        a imposição de resistência e o monitoramento da liberdade.      ,C,
39,45,"


Fragmento B91: Não se pode banhar duas vezes no mesmo rio, nem substância mortal alcançar duas vezes a mesma condição; mas pela intensidade e rapidez da mudança, dispersa e de novo reúne.

HERÁCLITO. Fragmentos (Sobre a natureza). São Paulo: Abril Cultural, 1996 (adaptado).





Fragmento B8: São muitos os sinais de que o ser é ingênito e indestrutível, pois é compacto, inabalável e sem fim; não foi nem será, pois é agora um todo homogêneo, uno, contínuo. Como poderia o que é perecer? Como poderia gerar-se?

PARMÊNIDES. Da natureza. São Paulo: Loyola, 2002 (adaptado).



","


Os fragmentos do pensamento pré-socrático expõem uma oposição que se insere no campo das


",        investigações do pensamento sistemático.      ,        preocupações do período mitológico.      ,        discussões de base ontológica.      ,        habilidades da retórica sofística.      ,        verdades do mundo sensível.      ,C,
40,32,"







","


Conforme a análise do documento cartográfico, a área de concentração das usinas de dessalinização é explicada pelo(a)


",        pioneirismo tecnológico.      ,        condição hidropedológica.      ,        escassez de água potável.      ,        efeito das mudanças climáticas.      ,        busca da sustentabilidade ambiental.      ,C,enem-data/enem-2016/32-images/context_img_0.png
41,41,"







","


Uma consequência socioeconômica para os países que vivenciam o fenômeno demográfico ilustrado é a diminuição da


",        oferta de mão de obra nacional.      ,        média de expectativa de vida.      ,        disponibilidade de serviços de saúde.      ,        despesa de natureza previdenciária.      ,        imigração de trabalhadores qualificados.      ,A,enem-data/enem-2016/41-images/context_img_0.png
42,39,"


TEXTO I













Imagem de São Benedito. Disponível em: http://acervo.bndigital.bn.br.
Acesso em: 6 jan. 2016 (adaptado)





TEXTO II
Os santos tornaram-se grandes aliados da Igreja para atrair novos devotos, pois eram obedientes a Deus e ao poder clerical. Contando e estimulando o conhecimento sobre a vida dos santos, a Igreja transmitia aos fiéis os ensinamentos que julgava corretos e que deviam ser imitados por escravos que, em geral, traziam outras crenças de suas terras de origem, muito diferentes das que preconizava a fé católica.

OLIVEIRA, A. J. Negra devoção. Revista de História da Biblioteca Nacional, n. 20, maio 2007 (adaptado)



","


Posteriormente ressignificados no interior de certas irmandades e no contato com outra matriz religiosa, o ícone e a prática mencionada no texto estiveram desde o século XVII relacionados a um esforço da Igreja Católica para


",        reduzir o poder das confrarias.      ,        cristianizar a população afro-brasileira.      ,        espoliar recursos materiais dos cativos.      ,        recrutar libertos para seu corpo eclesiástico.      ,        atender a demanda popular por padroeiros locais.      ,B,enem-data/enem-2016/39-images/context_img_0.png
43,44,"







","


A memória recuperada pela autora apresenta a relação entre


",        conflito trabalhista e engajamento sindical.      ,        organização familiar e proteção à infância.      ,        centralização econômica e pregação religiosa.      ,        estrutura educacional e desigualdade de renda.      ,        transformação política e modificação de costumes.      ,E,enem-data/enem-2016/44-images/context_img_0.png
44,81,"


Vários métodos são empregados para prevenção de infecções por microrganismos. Dois desses métodos utilizam microrganismos vivos e são eles: as vacinas atenuadas, constituidas por patógenos avirulentos, e os probióticos que contém bactérias benéficas. Na figura são apresentados cinco diferentes mecanismos de exclusão de patógenos pela ação dos probióticos no intestino de um animal.










","


Qual mecanismo de ação desses probióticos promove um efeito similar ao da vacina?


",        5      ,        4      ,        3      ,        2      ,        1      ,B,enem-data/enem-2016/81-images/context_img_0.png
45,21,"







","


A ONU faz referência a uma projeção cartográfica em seu logotipo. A figura que ilustra o modelo dessa projeção é:


",enem-data/enem-2016/21-images/alt_img_0.png,enem-data/enem-2016/21-images/alt_img_1.png,enem-data/enem-2016/21-images/alt_img_2.png,enem-data/enem-2016/21-images/alt_img_3.png,enem-data/enem-2016/21-images/alt_img_4.png,A,enem-data/enem-2016/21-images/context_img_0.png
