,number,context,question,A,B,C,D,E,answer,context-images
0,91,"


Atitlán
El lago Atitlán está situado en el centro de América, en Guatemala. Su belleza es extraordinaria y tiene un gran interés social. En sus márgenes conviven tres culturas: la indígena, la española y la mestiza. Presididos por tres majestuosos volcanes (el Atitlán, el Tolimán y el San Pedro), trece pueblos bordean el lago. Los habitantes del lago son en su mayoría indígenas, aunque crece el porcentaje de ladinos (mestizos). Un buen número de extranjeros – misioneros o investigadores – comparte en los pueblitos la forma de vida de los nativos. A partir de los años setenta, numerosas colonias de hippies se asientan en Atitlán. Jóvenes de todo el mundo, atraídos por el paisaje, el clima semitropical y la sencillez de la vida de los indios, acampan cerca del lago. Además, muchos comerciantes guatemaltecos y extranjeros se han instalado en el pueblo de Panajachel para establecer diversos negocios hoteleros, deportivos y artesanales. A cada día el lago Atitlán atrae a sus costas a más turistas y científicos. Unos llegan buscando sossiego ante el espejismo del lago; otros van a mezclarse con los orgullosos y apacibles indígenas en iglesias y mercados; muchos atraviesan el lago para recorrer los diferentes pueblos y para recrearse en la variada indumentaria de sus habitantes; otros estudian las diferentes lenguas y dialectos que se hablan en la zona y muchos investigan con pasión la rica fauna del lago y de las tierras volcánicas. Realmente, es impresionante la convivencia de tantas etnías y culturas. En el corazón de América hay un lago y unos volcanes que son símbolo y reflejo de lo que es Hispanoamérica: un mosaico de culturas y un ejemplo de convivencia.

SUÁREZ, M.; PICO DE COAÑA, M. Sobre iberoamérica. Madrid: Ediciones SM, 1998.



","


De acordo com o texto, a região do entorno do Lago Atitlán, na Guatemala, é de grande relevância social por representar o(a)


",        patrimônio histórico-geográfico que a área abriga.      ,        diversidade turística que atrai estrangeiros.      ,        prosperidade econômica que advém de diferentes segmentos comerciais.      ,        multiculturalidade característica da identidade hispano-americana.      ,        valorização da cultura indígena observada entre as comunidades locais.      ,D,
1,95,"


How fake images change our memory and behaviour
For decades, researchers have been exploring just how unreliable our own memories are. Not only is memory fickle when we access it, but it’s also quite easily with subverted and rewritten. Combine this susceptibility with modern image-editing software at our fingertips like Photoshop, and it’s a recipe for disaster. In a world where we can witness news and world events as they unfold, fake images surround us, and our minds accept these pictures as real, and remember them later. These fake memories don’t just distort how we see our past, they affect our current and future behaviour too – from what we eat, to how we protest and vote. The problem is there’s virtually nothing we can do to stop it.
Old memories seem to be the easiest to manipulate. In one study, subjects were showed images from their childhood. Along with real images, researchers snuck in manipulated photographs of the subject taking a hotair balloon ride with his or her family. After seeing those images, 50% of subjects recalled some part of that hot-air balloon ride – though the event was entirely made up.

EVELETH, R. Disponível em: www.bbc.com. Acesso em: 16 jan. 2013 (adaptado).



","


A reportagem apresenta consequências do uso de novas tecnologias para a mente humana. Nesse contexto, a memória das pessoas é influenciada pelo(a):


",        alteração de imagens.      ,        exposição ao mundo virtual.      ,        acesso a novas informações.      ,        fascínio por softwares inovadores.      ,        interferência dos meios de comunicação.      ,A,
2,92,"


My brother the star, my mother the earth
my father the sun, my sister the moon,
to my life give beauty, to my
body give strength, to my corn give
goodness, to my house give peace, to
my spirit give truth, to my elders give
wisdom.

Disponível em: www.blackhawkproductions.com. Acesso em: 8 ago. 2012.



","


Produções artístico-culturais revelam visões de mundo próprias de um grupo social. Esse poema demonstra a estreita relação entre a tradição oral da cultura indígena norte-americana e a:



",        transmissão de hábitos alimentares entre gerações.      ,        dependência da sabedoria de seus ancestrais.      ,        representação do corpo em seus rituais.      ,        importância dos elementos da natureza.      ,        preservação da estrutura familiar.      ,D,
3,93,"


Caña
El negro
junto al cañaveral.
El yanqui sobre el cañaveral.
La tierra
bajo el cañaveral.
¡Sangre
que se nos va!

GUILLÉN, N. Sóngoro cosongo. Disponível em: www.cervantesvirtual.com. Acesso em: 28 fev. 2012 (fragmento).



","


Nesse poema de Nicolás Guillén, no qual o poeta reflete sobre o plantio da cana-de-açúcar na América Latina, as preposições junto, sobre e bajo são usadas para indicar metaforicamente:


",        desordens na organização da lavoura de cana-de-açúcar.      ,        relações diplomáticas entre os países produtores de cana-de-açúcar.      ,        localidades da América Latina nas quais a cana-de-açúcar é cultivada.      ,        relações sociais dos indivíduos que vivem do plantio da cana-de-açúcar.      ,        funções particulares de cada profissional na lavoura da cana-de-açúcar.      ,D,
4,92,"


En el día del amor, ¡no a la violencia contra la mujer!
Hoy es el día de la amistad y del amor. Pero, parece que este día es puro floro, porque en nustre país aún existen muchos casos de maltrato entre las parejas, sobre todo hacia las mujeres. Por eso, el Ministerio de la Mujer y Poblaciones Vulnerables (MIMP) lanza la segunda etapa de la campaña “Si te quieren, que te quieran bien”.
Esta campaña busca detener de una vez el maltrato contra la mujer y para eso, concientizar sobre la importancia de denunciar estos casos. Y es que las cifras son preocupantes. Cada hora se denuncian 17 casos de violencia contra la mujer y en total los Centros de Emergencia de la Mujer (CEM) y el MIMP atendieron en un año a más de 36 mil denuncias de las cuales 7 mil eran de niñas y adolescentes menores de 17 años. Un abuso.
Si eres testigo o víctima de algún tipo de violencia ya sea física, psicológica o sexual debes llamar gratuitamente a la línea 100 desde teléfono fijo o celular.

Disponível em: http://napa.com.pe. Acesso em: 14 fev. 2012 (adaptado).



","


Pela expressão puro floro, infere-se que o autor considera a comemoração pelo dia do amor e da amizade, no Peru, como uma oportunidade para:


",        proteger as populações mais vulneráveis.      ,        evidenciar as eficazes ações do governo.      ,        camuflar a violência de gênero existente no país.      ,        atenuar os maus-tratos cometidos por alguns homens.      ,        enaltecer o sucesso das campanhas de conscientização feminina.      ,C,
5,95,"


Los guionistas estadounidenses introducen cada vez más el español en sus diálogos
En los últimos años, la realidad cultural y la presencia creciente de migrantes de origen latinoamericano en EE UU ha propiciado que cada vez más estadounidenses alternen el inglés y el español en un mismo discurso.
Un estudio publicado en la revista Vial-Vigo International Journal of Applied Linguistics se centra en las estrategias que usan los guionistas de la versión original para incluir el español en el guión o a personajes de origen latinoamericano.
Los guionistas estadounidenses suelen usar subtítulos en inglés cuando el español que aparece en la serie o película es importante para el argumento. Si esto no ocurre, y sólo hay interjecciones, aparece sin subtítulos. En aquellas conversaciones que no tienen relevancia se añade en ocasiones el subtítulo Speaks Spanish (habla en español).
“De esta forma, impiden al público conocer qué están diciendo los dos personajes que hablan español”, explica la autora del estudio y profesora e investigadora en la Universidad Pablo de Olavide (UPO) de Sevilla.

Disponível em: www.agenciasinc.es. Acesso em: 23 ago. 2012 (adaptado).



","


De acordo com o texto, nos filmes norte-americanos, nem todas as falas em espanhol são legendadas em inglês. Esse fato revela a:


",        assimetria no tratamento do espanhol como elemento da diversidade linguística nos Estados Unidos.      ,        escassez de personagens de origem hispânica nas séries e filmes produzidos nos Estados Unidos.      ,        desconsideração com o público hispânico que frequenta as salas de cinema norte-americanas.      ,        falta de uma formação linguística específica para os roteiristas e tradutores norte-americanos.      ,        carência de pesquisas científicas sobre a influência do espanhol na cultura norte-americana.      ,A,
6,96,"


O rap, palavra formada pelas iniciais de rhythm and poetry (ritmo e poesia), junto com as linguagens da dança (o break dancing) e das artes plásticas (o grafite), seria difundido, para além dos guetos, com o nome de cultura hip hop. O break dancing surge como uma dança de rua. O grafite nasce de assinaturas inscritas pelos jovens com sprays nos muros, trens e estações de metrô de Nova York. As linguagens do rap, do break dancing e do grafite se tornaram os pilares da cultura hip hop.

DAYRELL, J. A música entra em cena: o rap e o funk na socialização da juventude. Belo Horizonte: UFMG, 2005 (adaptado).



","


Entre as manifestações da cultura hip hop apontadas no texto, o break se caracteriza como um tipo de dança que representa aspectos contemporâneos por meio de movimentos


","        retilíneos, como crítica aos indivíduos alienados.      ","        improvisados, como expressão da dinâmica da vida urbana.      ","        suaves, como sinônimo da rotina dos espaços públicos.      ","        ritmados pela sola dos sapatos, como símbolo de protesto.      ","        cadenciados, como contestação às rápidas mudanças culturais.      ",B,
7,100,"


Embalagens usadas e resíduos devem ser descartados adequadamente
Todos os meses são recolhidas das rodovias brasileiras centenas de milhares de toneladas de lixo. Só nos 22,9 mil quilômetros das rodovias paulistas são 41,5 mil toneladas. O hábito de descartar embalagens, garrafas, papéis e bitucas de cigarro pelas rodovias persiste e tem aumentado nos últimos anos. O problema é que o lixo acumulado na rodovia, além de prejudicar o meio ambiente, pode impedir o escoamento da água, contribuir para as enchentes, provocar incêndios, atrapalhar o trânsito e até causar acidentes. Além dos perigos que o lixo representa para os motoristas, o material descartado poderia ser devolvido para a cadeia produtiva. Ou seja, o papel que está sobrando nas rodovias poderia ter melhor destino. Isso também vale para os plásticos inservíveis, que poderiam se transformar em sacos de lixo, baldes, cabides e até acessórios para os carros.

Disponível em: www.girodasestradas.com.br. Acesso em: 31 jul. 2012.




Os gêneros textuais correspondem a certos padrões de composição de texto, determinados pelo contexto em que são produzidos, pelo público a que eles se destinam, por sua finalidade.


","


Pela leitura do texto apresentado, reconhece-se que sua função é


",        apresentar dados estatísticos sobre a reciclagem no país.      ,        alertar sobre os riscos da falta de sustentabilidade do mercado de recicláveis.      ,        divulgar a quantidade de produtos reciclados retirados das rodovias brasileiras.      ,        revelar os altos índices de acidentes nas rodovias brasileiras poluídas nos últimos anos.      ,        conscientizar sobre a necessidade de preservação ambiental e de segurança nas rodovias.      ,E,
8,97,"


Primeiro surgiu o homem nu de cabeça baixa. Deus veio num raio. Então apareceram os bichos que comiam os homens. E se fez o fogo, as especiarias, a roupa, a espada e o dever. Em seguida se criou a filosofia, que explicava como não fazer o que não devia ser feito. Então surgiram os números racionais e a História, organizando os eventos sem sentido. A fome desde sempre, das coisas e das pessoas. Foram inventados o calmante e o estimulante. E alguém apagou a luz. E cada um se vira como pode, arrancando as cascas das feridas que alcança.

BONASSI, F. 15 cenas do descobrimento de Brasis. In: MORICONI, Í. (Org.). Os cem melhores contos do século. Rio de Janeiro: Objetiva, 2001.



","


A narrativa enxuta e dinâmica de Fernando Bonassi configura um painel evolutivo da história da humanidade. Nele, a projeção do olhar contemporâneo manifesta uma percepção que


",        recorre à tradição bíblica como fonte de inspiração para a humanidade.      ,        desconstrói o discurso da filosofia a fim de questionar o conceito de dever.      ,        resgata a metodologia da história para denunciar as atitudes irracionais.      ,        transita entre o humor e a ironia para celebrar o caos da vida cotidiana.      ,        satiriza a matemática e a medicina para desmistificar o saber científico.      ,D,
9,102,"


Riscar o chão para sair pulando é uma brincadeira que vem dos tempos do Império Romano. A amarelinha original tinha mais de cem metros e era usada como treinamento militar imitações reduzidas do campo utilizado pelos soldados e acrescentaram numeração nos quadrados que deveriam ser pulados. Hoje as amarelinhas variam nos formatos geométricos e na quantidade de casas. As palavras “céu” e “inferno” podem ser escritas no começo e no final do desenho, que é marcado no chão com giz, tinta ou graveto.

Disponível em: www.biblioteca.ajes.edu.br. Acesso em: 20 maio 2015 (adaptado).



","


Com base em fatos históricos, o texto retrata o processo de adaptação pelo qual passou um tipo de brincadeira. Nesse sentido, conclui-se que as brincadeiras comportam o(a)


",        caráter competitivo que se assemelha às suas origens.      ,        delimitação de regras que se perpetuam com o tempo.      ,        definição antecipada do número de grupos participantes.      ,        objetivo de aperfeiçoamento físico daqueles que a praticam.      ,        possibilidade de reinvenção no contexto em que é realizada.      ,E,
10,99,"


14 coisas que você não deve jogar na privada
Nem no ralo. Elas poluem rios, lagos e mares, o que contamina o ambiente e os animais. Também deixa mais difícil obter a água que nós mesmos usaremos. Alguns produtos podem causar entupimentos:
– cotonete
– medicamento e preservativo;
– óleo de cozinha;
– ponta de cigarro;
– poeira de varrição de casa;
– fio de cabelo e pelo de animais;
– tinta que não seja à base de água;
– querosene, gasolina, solvente, tíner.
Jogue esses produtos no lixo comum. Alguns deles, como óleo de cozinha, medicamento e tinta, podem ser levados a pontos de coleta especiais, que darão a destinação final adequada.

MORGADO, M.; EMASA. Manual de etiqueta. Planeta Sustentável, jul.-ago. 2013 (adaptado).



","


O texto tem objetivo educativo. Nesse sentido, além do foco no interlocutor, que caracteriza a função conativa da linguagem, predomina também nele a função referencial, que busca


","        despertar no leitor sentimentos de amor pela natureza, induzindo-o a ter atitudes responsáveis que beneficiarão a sustentabilidade do planeta.      ","        informar o leitor sobre as consequências da destinação inadequada do lixo, orientando-o sobre como fazer o correto descarte de alguns dejetos.      ","        transmitir uma mensagem de caráter subjetivo, mostrando exemplos de atitudes sustentáveis do autor do texto em relação ao planeta.      ","        estabelecer uma comunicação com o leitor, procurando certificar-se de que a mensagem sobre ações de sustentabilidade está sendo compreendida.      ","        explorar o uso da linguagem, conceituando detalhadamente os termos utilizados de forma a proporcionar melhor compreensão do texto.      ",B,
11,94,"


Why am I compelled to write? Because the writing saves me from this complacency I fear. Because I have no choice. Because I must keep the spirit of my revolt and myself alive. Because the world I create in the writing compensates for what the real world does not give me. By writing I put order in the world, give it a handle so I can grasp it.

ANZALDÚA, G. E. Speaking in tongues: a letter to third world women writers. In: HERNANDEZ, J. B. (Ed.). Women writing resistance: essays on Latin America and the Caribbean. Boston: South End, 2003.



","


Gloria Evangelina Anzaldúa, falecida em 2004, foi uma escritora americana de origem mexicana que escreveu sobre questões culturais e raciais. Na citação, o intuito da autora é evidenciar as:


",        razões pelas quais ela escreve.      ,        compensações advindas da escrita.      ,        possibilidades de mudar o mundo real.      ,        maneiras de ela lidar com seus medos.      ,        escolhas que ela faz para ordenar o mundo.      ,A,
12,93,"










RIDGWAY, L. Disponível em: http://fborfw.com. Acesso em: 23 fev. 2012.



","


Na tira da série For better or for worse, a comunicação entre as personagens fica comprometida em um determinado momento porque


",        as duas amigas divergem de opinião sobre futebol.      ,        uma das amigas desconsidera as preferências da outra.      ,        uma das amigas ignora que o outono é temporada de futebol.      ,        uma das amigas desconhece a razão pela qual a outra a maltrata.      ,        as duas amigas atribuem sentidos diferentes à palavra season.      ,E,enem-data/enem-2015/93-images/context_img_0.png
13,94,"










Disponível em: www.lacronicadeleon.es. Acesso em: 12 mar. 2012 (adaptado).



","


A acessibilidade é um tema de relevância tanto na esfera pública quanto na esfera privada. No cartaz, a exploração desse tema destaca a importância de se


",        estimular os cadeirantes na superação de barreiras.      ,        respeitar o estacionamento destinado a cadeirantes.      ,        identificar as vagas reservadas aos cadeirantes.      ,        eliminar os obstáculos para o trânsito de cadeirantes.      ,        facilitar a locomoção de cadeirantes em estacionamentos.      ,B,enem-data/enem-2015/94-images/context_img_0.png
14,103,"


Em junho de 1913, embarquei para a Europa a fim de me tratar num sanatório suíço. Escolhi o de Clavadel, perto de Davos-Platz, porque a respeito dele me falara João Luso, que ali passara um inverno com a senhora. Mais tarde vim a saber que antes de existir no lugar um sanatório, lá estivera por algum tempo Antônio Nobre. “Ao cair das folhas”, e um de seus mais belos sonetos, talvez o meu predileto, está datado de “Clavadel, outubro, 1895”. Fiquei na Suiça até outubro de 1914.

BANDEIRA, M. Poesia completa e prosa. Rio de Janeiro: Nova Aguilar, 1985.



","


No relato de memórias do autor, entre os recursos usados para organizar a sequência dos eventos narrados, destaca-se a


",        construção de frases curtas a fim de conferir dinamicidade ao texto.      ,        presença de advérbios de lugar para indicar a progressão dos fatos.      ,        alternância de tempos do pretérito para ordenar os acontecimentos.      ,        inclusão de enunciados com comentários e avaliações pessoais.      ,        alusão a pessoas marcantes na trajetória de vida do escritor.      ,C,
15,98,"








Dia do Músico, do Professor, da Secretária, do Veterinário… Muitas são as datas comemoradas ao longo do ano e elas, ao darem visibilidade a segmentos específicos da sociedade oportunizam uma reflexão sobre a responsabilidade social desses segmentos. Nesse contexto, está inserida a propaganda da Associação Brasileira de Imprensa (ABI), em que se combinam elementos verbais e não verbais para se abordar a estreita relação entre imprensa, cidadania, informação e opinião.


","


Sobre essa relação, depreende-se do texto da ABI que,


","        para a imprensa exercer seu papel social, ela deve transformar opinião em informação.      ","        para a imprensa democratizar a opinião, ela deve selecionar a informação.      ","        para o cidadão expressar sua opinião, ele deve democratizar a informação.      ","        para a imprensa gerar informação, ela deve fundamentar-se em opinião.      ","        para o cidadão formar sua opinião, ele deve ter acesso à informação.      ",E,enem-data/enem-2015/98-images/context_img_0.png
16,112,"


João Antônio de Barros (Jota Barros) nasceu aos 24 de junho de 1935, em Glória de Goitá (PE). Marceneiro, entalhador, xilógrafo, poeta repentista e escritor de literatura de cordel, já publicou 33 folhetos e ainda tem vários inéditos. Reside em São Paulo desde 1973, vivendo exclusivamente da venda de livretos de cordel e das cantigas de improviso, ao som da viola. Grande divulgador da poesia popular nordestina no Sul, tem dado frequentemente entrevistas à imprensa paulista sobre o assunto.

EVARISTO. M. C. O cordel em sala de aula. In: BRANDÃO. H. N. (Coord.). Gêneros do discurso na escola: mito, conto, cordel, discurso político, divulgação científica. São Paulo: Cortez, 2000.




A biografia é um gênero textual que descreve a trajetória de determinado indivíduo, evidenciando sua singularidade. 


","


No caso específico de uma biografia como a de João Antônio de Barros, um dos principais elementos que a constitui é:


","        a estilização dos eventos reais de sua vida, para que o relato biográfico surta os efeitos desejados.      ","        o relato de eventos de sua vida em perspectiva histórica, que valorize seu percurso artístico.      ",        a narração de eventos de sua vida que demonstrem a qualidade de sua obra.      ,        uma retórica que enfatize alguns eventos da vida exemplar da pessoa biografada.      ,        uma exposição de eventos de sua vida que mescle objetividade e construção ficcional.      ,B,
17,107,"


Assum preto
Tudo em vorta é só beleza
Sol de abril e a mata em frô
Mas assum preto, cego dos óio
Num vendo a luz, ai, canta de dor
Tarvez por ignorança
Ou mardade das pió
Furaro os óio do assum preto
Pra ele assim, ai, cantá mió
Assum preto veve sorto
Mas num pode avuá
Mil veiz a sina de uma gaiola
Desde que o céu, ai, pudesse oiá

GONZAGA, L.; TEIXEIRA, H. Disponível em: www.luizgonzaga.mus.br. Acesso em: 30 jul. 2012 (fragmento).




As marcas da variedade regional registradas pelos compositores de Assum preto resultam da aplicação de um conjunto de princípios ou regras gerais que alteram a pronúncia, a morfologia, a sintaxe ou o léxico.


","


No texto, é resultado de uma mesma regra a


","        pronúncia das palavras ""vorta"" e ""veve"".      ","        pronúncia das palavras ""tarvez"" e ""sorto"".      ","        flexão verbal encontrada em ""furaro"" e ""cantá"".      ","        redundância nas expressões ""cego dos óio"" e ""mata em frô""      ","        pronúncia das palavras ""ignorança"" e ""avuá"".      ",B,
18,105,"


Rede social pode prever desempenho profissional, diz pesquisa
Pense duas vezes antes de postar qualquer item em seu perfil nas redes sociais. O conselho, repetido à exaustão por consultores de carreira por aí, acaba de ganhar um status, digamos, mais científico. De acordo com resultados da pesquisa, uma rápida análise do perfil nas redes sociais pode prever o desempenho profissional do candidato a uma oportunidade de emprego. Para chegar a essa conclusão, uma equipe de pesquisadores da Northern Illinois University, University of Evansville e Auburn University pediu a um professor universitário e dois alunos para analisarem perfis de um grupo de universitários.
Após checar fotos, postagens, número de amigos e interesses por 10 minutos, o trio considerou itens como consciência, afabilidade, extroversão, estabilidade emocional e receptividade. Seis meses depois, as impressões do grupo foram comparadas com a análise de desempenho feita pelos chefes dos jovens que tiveram seus perfis analisados. Os pesquisadores encontraram uma forte correlação entre as características descritas a partir dos dados da rede e o comportamento dos universitários no ambiente de trabalho.

Disponível em: http://exame.abril.com.br. Acesso em: 29 fev. 2012 (adaptado).




As redes sociais são espaços de comunicação e interação on-line que possibilitam o conhecimento de aspectos da privacidade de seus usuários.


","


Segundo o texto, no mundo do trabalho, esse conhecimento permite


",        identificar a capacidade física atribuída ao candidato.      ,        certificar a competência profissional do candidato.      ,        controlar o comportamento virtual e real do candidato.      ,        avaliar informações pessoais e comportamentais sobre o candidato.      ,        aferir a capacidade intelectual do candidato na resolução de problemas.      ,D,
19,101,"










Disponível em: www.behance.net. Acesso em: 21 fev. 2013 (adaptado).




A rapidez é destacada como uma das qualidades do serviço anunciado, funcionando como estratégia de persuasão em relação ao consumidor do mercado gráfico.


","


O recurso da linguagem verbal que contribui para esse destaque é o emprego


","        do termo ""fácil"" no início do anúncio, com foco no processo.      ",        de adjetivos que valorizam a nitidez da impressão.      ,"        das formas verbais no futuro e no pretérito, em sequência.      ","        da expressão intensificadora ""menos do que"" associada à qualidade.      ","        da locução ""do mundo"" associada a ""melhor"", que quantifica a ação.      ",C,enem-data/enem-2015/101-images/context_img_0.png
20,111,"


Um dia, meu pai tomou-me pela mão, minha mãe beijou-me a testa, molhando-me de lágrimas os cabelos e eu parti.
Duas vezes fora visitar o Ateneu antes da minha instalação.
Ateneu era o grande colégio da época. Afamado por um sistema de nutrido reclame, mantido por um diretor que de tempos a tempos reformava o estabelecimento, pintando-o jeitosamente de novidade, como os negociantes que liquidam para recomeçar com artigos de última remessa; o Ateneu desde muito tinha consolidado crédito na preferência dos pais, sem levar em conta a simpatia da meninada, a cercar de aclamações o bombo vistoso dos anúncios.
O Dr. Aristarco Argolo de Ramos, da conhecida família do Visconde de Ramos, do Norte, enchia o império com o seu renome de pedagogo. Eram boletins de propaganda pelas províncias, conferências em diversos pontos da cidade, a pedidos, à substância, atochando a imprensa dos lugarejos, caixões, sobretudo, de livros elementares, fabricados às pressas com o ofegante e esbaforido concurso de professores prudentemente anônimos, caixões e mais caixões de volumes cartonados em Leipzig, inundando as escolas públicas de toda a parte com a sua invasão de capas azuis, róseas, amarelas, em que o nome de Aristarco, inteiro e sonoro, oferecia-se ao pasmo venerador dos esfaimados de alfabeto dos confins da pátria. Os lugares que não procuravam eram um belo dia surpreendidos pela enchente, gratuita, espontânea, irresistível! E não havia senão aceitar a farinha daquela marca para o pão do espírito.

POMPÉIA, R. O Ateneu. São Paulo: Scipione, 2005.



","


Ao descrever o Ateneu e as atitudes de seu diretor, o narrador revela um olhar sobre a inserção social do colégio demarcado pela:


","        ideologia mercantil da educação, repercutida nas vaidades pessoais.      ","        interferência afetiva das famílias, determinantes no processo educacional.      ","        produção pioneira de material didático, responsável pela facilitação do ensino.      ","        ampliação do acesso à educação, com a negociação dos custos escolares.      ","        cumplicidade entre educadores e famílias, unidos pelo interesse comum do avanço social.      ",A,
21,106,"


As narrativas indígenas se sustentam e se perpetuam por uma tradição de transmissão oral (sejam as histórias verdadeiras dos seus antepassados, dos fatos e guerras recentes ou antigos; sejam as histórias de ficção, como aquelas da onça e do macaco). De fato, as comunidades indígenas nas chamadas “terras baixas da América do Sul” (o que exclui as montanhas dos Andes, por exemplo) não desenvolveram sistemas de escrita como os que conhecemos, sejam alfabéticos (como a escrita do português), sejam ideogramáticos (como a escrita dos chineses) ou outros. Somente nas sociedades indígenas com estratificação social (ou seja, já divididas em classes), como foram os astecas e os maias, é que surgiu algum tipo de escrita. A história da escrita parece mesmo mostrar claramente isso: que ela surge e se desenvolve – em qualquer das formas – apenas em sociedades estratificadas (sumérios, egípcios, chineses, gregos, etc.). O fato é que os povos indígenas no Brasil, por exemplo, não empregavam um sistema de escrita, mas garantiram a conservação e continuidade dos conhecimentos acumulados, das histórias passadas e, também, das narrativas que sua tradição criou, através da transmissão oral. Todas as tecnologias indígenas se transmitiram e se desenvolveram assim. E não foram poucas: por exemplo, foram os índios que domesticaram plantas silvestres e, muitas vezes, venenosas, criando o milho, a mandioca (ou macaxeira), o amendoim, as morangas e muitas outras mais (e também as desenvolveram muito; por exemplo, somente do milho criaram cerca de 250 variedades diferentes em toda a América).

D’Angelis, W. R. Histórias dos índios lá em casa: narrativas indígenas e tradição oral popular no Brasil. Disponível em: www.portalkaingang.org. Acesso em: 5 dez. 2012.



","


A escrita e a oralidade, nas diversas culturas, cumprem diferentes objetivos. O fragmento aponta que, nas sociedades indígenas brasileiras, a oralidade possibilitou


",        a conservação e a valorização dos grupos detentores de certos saberes.      ,        a preservação e a transmissão dos saberes e da memória cultural dos povos.      ,        a manutenção e a reprodução dos modelos estratificados de organização social.      ,        a restrição e a limitação do conhecimento acumulado a determinadas comunidades.      ,        o reconhecimento e a legitimação da importância da fala como meio de comunicação.      ,B,
22,108,"


Exmº Sr. Governador:
Trago a V. Exa. um resumo dos trabalhos realizados pela Prefeitura de Palmeira dos Índios em 1928.
[…]
ADMINISTRAÇÃO
Relativamente à quantia orçada, os telegramas custaram pouco. De ordinário vai para eles dinheiro considerável. Não há vereda aberta pelos matutos que prefeitura do interior não ponha no arame, proclamando que a coisa foi feita por ela; comunicam-se as datas históricas ao Governo do Estado, que não precisa disso; todos os acontecimentos políticos são badalados. Porque se derrubou a Bastilha – um telegrama; porque se deitou pedra na rua – um telegrama; porque o deputado F. esticou a canela – um telegrama.
Palmeira dos Índios, 10 de janeiro de 1929.
GRACILIANO RAMOS

RAMOS, G. Viventes das Alagoas. São Paulo: Martins Fontes, 1962.




O relatório traz a assinatura de Graciliano Ramos, na época, prefeito de Palmeira dos Índios, e é destinado ao governo do estado de Alagoas.


","


De natureza oficial, o texto chama a atenção por contrariar a norma prevista para esse gênero, pois o autor:


",        emprega sinais de pontuação em excesso.      ,        recorre a termos e expressões em desuso no português.      ,"        apresenta-se na primeira pessoa do singular, para conotar intimidade com o destinatário.      ","        privilegia o uso de termos técnicos, para demonstrar conhecimento especializado.      ","        expressa-se em linguagem mais subjetiva, com forte carga emocional.      ",E,
23,113,"


A pátria
Ama, com fé e orgulho, a terra em que nasceste!
Criança! não verás nenhum pais como este!
Olha que céu! que mar! que rios! que floresta!
A Natureza, aqui, perpetuamente em festa,
É um seio de mãe a transbordar carinhos.
Vê que vida há no chão! vê que vida há nos ninhos,
Que se balançam no ar, entre os ramos inquietos!
Vê que luz, que calor, que multidão de insetos!
Vê que grande extensão de matas, onde impera,
Fecunda e luminosa, a eterna primavera!
Boa terra! jamais negou a quem trabalha
O pão que mata a fome, o teto que agasalha…
Quem com o seu suor a fecunda e umedece,
Vê pago o seu esforço, e é feliz, e enriquece!
Criança! não verás pais nenhum como este:
Imita na grandeza a terra em que nasceste!

BILAC, O. Poesias infantis. Rio de Janeiro: Francisco Alves, 1929.



","


Publicado em 1904, o poema A pátria harmoniza-se com um projeto ideológico em construção na Primeira República. O discurso poético de Olavo Bilac ecoa esse projeto, na medida em que


","        a paisagem natural ganha contornos surreais, como o projeto brasileiro de grandeza.      ","        a prosperidade individual, como a exuberância da terra, independe de políticas de governo.      ",        os valores afetivos atribuídos à família devem ser aplicados também aos ícones nacionais.      ,        a capacidade produtiva da terra garante ao país a riqueza que se verifica naquele momento.      ,        a valorização do trabalhador passa a integrar o conceito de bem-estar social experimentado.      ,B,
24,104,"


Por que as formigas não morrem quando postas em forno de micro-ondas?
As micro-ondas são ondas eletromagnéticas com frequência muito alta. Elas causam vibração nas moléculas de água, e é isso que aquece a comida. Se o prato estiver seco, sua temperatura não se altera. Da mesma maneira, se as formigas tiverem pouca água em seu corpo, podem sair incólumes. Já um ser humano não se sairia tão bem quanto esses insetos dentro de um forno de micro-ondas superdimensionado: a água que compõe 70% do seu corpo aqueceria. Micro-ondas de baixa intensidade, porém, estão por toda a parte, oriundas da telefonia celular, mas não há comprovação de que causem problemas para a população humana.

OKUNO. E. Disponível em: http://revistapesquisa.fapesp.br. Acesso em: 11 dez. 2013.




Os textos constroem-se com recursos linguísticos que materializam diferentes propósitos comunicativos.


","


Ao responder à pergunta que dá título ao texto, o autor tem como objetivo principal


",        defender o ponto de vista de que as ondas eletro magnéticas são inofensivas.      ,        divulgar resultados de recentes pesquisas científicas para a sociedade.      ,        apresentar informações acerca das ondas eletromagnéticas e de seu uso.      ,        alertar o leitor sobre os riscos de usar as micro-ondas em seu dia a dia.      ,        apontar diferenças fisiológicas entre formigas e seres humanos.      ,C,
25,109,"










Disponível em: http://farm5.static.flickr.com. Acesso em: 26 out. 2011 (adaptado).




Nas peças publicitárias, vários recursos verbais e não verbais são usados com o objetivo de atingir o público-alvo, influenciando seu comportamento.


","


Considerando as informações verbais e não verbais trazidas no texto a respeito da hepatite, verifica-se que:


",        o tom lúdico é empregado como recurso de consolidação do pacto de confiança entre o médico e a população.      ,"        a figura do profissional da saúde é legitimada, evocando-se o discurso autorizado como estratégia argumentativa.      ",        o uso de construções coloquiais e específicas da oralidade são recursos de argumentação que simulam o discurso do médico.      ,        a empresa anunciada deixa de se autopromover ao mostrar preocupação social e assumir a responsabilidade pelas informações.      ,"        o discurso evidencia uma cena de ensinamento didático, projetado com subjetividade no trecho sobre as maneiras de prevenção.      ",B,enem-data/enem-2015/109-images/context_img_0.png
26,114,"








O Surrealismo configurou-se como uma das vanguardas artísticas europeias do início do século XX. René Magritte, pintor belga, apresenta elementos dessa vanguarda em suas produções.


","


Um traço do Surrealismo presente nessa pintura é o(a):


","        justaposição de elementos díspares, observada na imagem do homem no espelho.      ","        crítica ao passadismo, exposta na dupla imagem do homem olhando sempre para frente.      ","        construção de perspectiva, apresentada na sobreposição de planos visuais.      ","        processo de automatismo, indicado na repetição da imagem do homem.      ","        procedimento de colagem, identificado no reflexo do livro no espelho.      ",A,enem-data/enem-2015/114-images/context_img_0.png
27,118,"


Na exposição “A Artista Está Presente”, no MoMA, em Nova Iorque, a performer Marina Abramovic fez uma retrospectiva de sua carreira. No meio desta, protagonizou uma performance marcante. Em 2010, de 14 de março a 31 de maio, seis dias por semana, num total de 736 horas, ela repetia a mesma postura. Sentada numa sala, recebia os visitantes, um a um, e trocava com cada um deles um longo olhar sem palavras. Ao redor, o público assistia a essas cenas recorrentes.

ZANIN, L. Marina Abramovic, ou a força do olhar. Disponível em: http://blogs.estadao.com.br. Acesso em: 4 nov. 2013.



","


O texto apresenta uma obra da artista Marina Abramovic, cuja performance se alinha a tendências contemporâneas e se caracteriza pela


",        inovação de uma proposta de arte relacional que adentra um museu.      ,        abordagem educacional estabelecida na relação da artista com o público.      ,"        redistribuição do espaço do museu, que integra diversas linguagens artísticas.      ",        negociação colaborativa de sentidos entre a artista e a pessoa com quem interage.      ,"        aproximação entre artista e público, o que rompe com a elitização dessa forma de arte.      ",D,
28,115,"


Yaô
Aqui có no terreiro
Pelú adié
Faz inveja pra gente
Que não tem mulher
No jacutá de preto velho
Há uma festa de yaô
Ôi tem nêga de Ogum
De Oxalá, de lemanjá
Mucama de Oxossi é caçador
Ora viva Nanã
Nanã Buruku
Yô yôo
Yô yôoo
No terreiro de preto velho iaiá
Vamos saravá (a quem meu pai?)
Xangô!

VIANA, G. Agó, Pixinguinha! 100 Anos. Som Livre, 1997.




A canção Yaô foi composta na década de 1930 por Pixinguinha, em parceria com Gastão Viana, que escreveu a letra. O texto mistura o português com o iorubá, língua usada por africanos escravizados trazidos para o Brasil.


","


Ao fazer uso do iorubá nessa composição, o autor


","        promove uma crítica bem-humorada às religiões afrobrasileiras, destacando diversos orixás.      ","        ressalta uma mostra da marca da cultura africana, que se mantém viva na produção musical brasileira.      ",        evidencia a superioridade da cultura africana e seu caráter de resistência à dominação do branco.      ,        deixa à mostra a separação racial e cultural que caracteriza a constituição do povo brasileiro.      ,"        expressa os rituais africanos com maior autenticidade, respeitando as referências originais.      ",B,
29,117,"


Ao se apossarem do novo território, os europeus ignoraram um universo de antiga sabedoria, povoado por homens e bens unidos por um sistema integrado. A recusa em se inteirar dos valores culturais dos primeiros habitantes levou-os a uma descrição simplista desses grupos e à sua sucessiva destruição.
Na verdade, não existe uma distinção entre a nossa arte e aquela produzida por povos tecnicamente menos desenvolvidos. As duas manifestações devem ser encaradas como expressões diferentes dos modos de sentir e pensar das várias sociedades, mas também como equivalentes, por resultarem de impulsos humanos comuns.

SCATAMACHIA, M. C. M. In: AGUILAR, N. (Org.). Mostra do redescobrimento: arqueologia. São Paulo: Fundação Bienal de São Paulo – Associação Brasil 500 anos artes visuais, 2000.



","


De acordo com o texto, inexiste distinção entre as artes produzidas pelos colonizadores e pelos colonizados, pois ambas compartilham o(a)


",        suporte artístico.      ,        nível tecnológico.      ,        base antropológica.      ,        concepção estética.      ,        referencial temático.      ,C,
30,116,"











Máscara senufo, Mati. Madeira e fibra vegetal. Acervo do MAE/USP.




As formas plásticas nas produções africanas conduziram artistas modernos do início do século XX, como Pablo Picasso, a algumas proposições artísticas denominadas vanguardas.


","


A máscara remete à


",        preservação da proporção.      ,        idealização do movimento.      ,        estruturação assimétrica.      ,        sintetização das formas.      ,        valorização estética.      ,D,enem-data/enem-2015/116-images/context_img_0.png
31,125,"


Poesia quentinha
Projeto literário publica poemas em sacos de pão na capital mineira
Se a literatura é mesmo o alimento da alma, então os mineiros estão diante de um verdadeiro banquete. Mais do que um pãozinho com manteiga, os moradores do bairro de Barreiro, em Belo Horizonte (MG), estão consumindo poesia brasileira no café da manhã. Graças ao projeto “Pão e Poesia”, que faz do saquinho de pão um espaço para veiculação de poemas, escritores como Affonso Romano de Sant’Anna e Fernando Brant dividem espaço com estudants que passaram por oficinas de escrita poética. São ao todo 250 mil embalagens, distribuídas em padarias da região de Belo Horizonte, que trazem a boa literatura para o cotidiano de pessoas, além de dar uma chance a escritores novatos de verem seus textos impressos. Criado em 2008 por um analista de sistemas apaixonado por literatura, o “Pão e Poesia” já recebeu dois prêmios do Ministério da Cultura.

Língua Portuguesa, n. 71, set. 2011.



","


A proposta de um projeto como o “Pão e Poesia” objetiva inovar em sua área de atuação, pois:


",        privilegia novos escritores em detrimento daqueles já consagrados.      ,        resgata poetas que haviam perdido espaços de publicação impressa.      ,        prescinde de critérios de seleção em prol da popularização da literatura.      ,        propõe acesso à literatura a públicos diversos.      ,        alavanca projetos de premiações antes esquecidos.      ,D,
32,119,"


TEXTO I
Um ato de criatividade pode contudo gerar um modelo produtivo. Foi o que ocorreu com a palavra sambódromo, criativamente formada com a terminação -(ó)dromo (= corrida), que figura em hipódromo, autódromo, cartódromo, formas que designam itens culturais da alta burguesia. Não demoraram a circular, a partir de então, formas populares como rangódromo, beijódromo, camelódromo.

AZEREDO, J. C. Gramática Houaiss da língua portuguesa. São Paulo: Publifolha, 2008.





TEXTO II
Existe coisa mais descabida do que chamar de sambódromo uma passarela para desfile de escolas de samba? Em grego, -dromo quer dizer “ação de correr, lugar de corrida”, daí as palavras autódromo e hipódromo. É certo que, as vezes, durante o desfile, a escola se atrasa e eé obrigada a correr para não perder pontos, mas não se desloca com a velocidade de um cavalo ou de um carro de Fórmula 1.

GULLAR, F. Disponível em: www1.folha.uol.com.br. Acesso em: 3 ago. 2012.



","


Há nas línguas mecanismos geradores de palavras. Embora o Texto II apresente um julgamento de valor sobre a formação da palavra sambódromo, o processo de formação dessa palavra reflete


",        o dinamismo da língua na criação de novas palavras.      ,        uma nova realidade limitando o aparecimento de novas palavras.      ,        a apropriação inadequada de mecanismos de criação de palavras por leigos.      ,        o reconhecimento da impropriedade semântica dos neologismos.      ,        a restrição na produção de novas palavras com o radical grego.      ,A,
33,126,"


No ano de 1985 aconteceu um acidente muito grave em Angra dos Reis, no Rio de Janeiro, perto da aldeia guarani de Sapukai. Choveu muito e as águas pluviais provocaram deslizamentos de terras das encostas da Serra do Mar, destruindo o Laboratório de Radioecologia da Central Nuclear Almirante Álvaro Alberto, construída em 1970 num lugar que os índios tupinambás, há mais de 500 anos, chamavam de Itaorna. O prejuízo foi calculado na época em 8 bilhões de cruzeiros. Os engenheiros responsáveis pela construção da usina nuclear não sabiam que o nome dado pelos índios continha informação sobre a estrutura do solo, minado pelas águas da chuva. Só descobriram que Itaorna, em língua tupinambá, quer dizer “pedra podre”, depois do acidente.

FREIRE, J. R. B. Disponível em: www.taquiprati.com.br. Acesso em: 1 ago. 2012 (adaptado).



","


Considerando-se a história da ocupação na região de Angra dos Reis mencionada no texto, os fenômenos naturais que a atingiram poderiam ter sido previstos e suas consequências minimizadas se:


",        o acervo linguístico indígena fosse conhecido e valorizado.      ,        as línguas indígenas brasileiras tivessem sido substituídas pela língua geral.      ,        o conhecimento acadêmico tivesse sido priorizado pelos engenheiros.      ,        a língua tupinambá tivesse palavras adequadas para descrever o solo.      ,        o laboratório tivesse sido construído de acordo com as leis ambientais vigentes na época.      ,A,
34,122,"


Embora particularidades na produção mediada pela tecnologia aproximem a escrita da oralidade, isso não significa que as pessoas estejam escrevendo errado. Muitos buscam, tão somente, adaptar o uso da linguagem ao suporte utilizado: “O contexto é que define o registro de língua. Se existe um limite de espaço, naturalmente, o sujeito irá usar mais abreviaturas, como faria no papel”, afirma um professor do Departamento de Linguagem e Tecnologia do Cefet-MG. Da mesma forma, é preciso considerar a capacidade do destinatário de interpretar corretamente a mensagem emitida. No entendimento do pesquisador, a escola, às vezes, insiste em ensinar um registro utilizado apenas em contextos específicos, o que acaba por desestimular o aluno, que não vê sentido em empregar tal modelo em outras situações. Independentemente dos aparatos tecnológicos da atualidade, o emprego social da língua revela-se muito mais significativo do que seu uso escolar, conforme ressalta a diretora de Divulgação Científica da UFMG: “A dinâmica da língua oral é sempre presente. Não falamos ou escrevemos da mesma forma que nossas avós”. Some-se a isso o fato de os jovens se revelarem os principais usuários das novas tecnologias, por meio das quais conseguem se comunicar com facilidade. A professora ressalta, porém, que as pessoas precisam ter discernimento quanto às distintas situações, a fim de dominar outros códigos.

SILVA JR., M. G.; FONSECA, V. Revista Minas Faz Ciência, n. 51, set.-nov. 2012 (adaptado).




Na esteira do desenvolvimento das tecnologias de informação e de comunicação, usos particulares da escrita foram surgindo.


","


Diante dessa nova realidade, segundo o texto, cabe à escola levar o aluno a


",        interagir por meio da linguagem formal no contexto digital.      ,        buscar alternativas para estabelecer melhores contatos on-line.      ,        adotar o uso de uma mesma norma nos diferentes suportes tecnológicos.      ,        desenvolver habilidades para compreender os textos postados na web.      ,        perceber as especificidades das linguagens em diferentes ambientes digitais.      ,E,
35,128,"


Obesidade causa doença
A obesidade tornou-se uma epidemia global, segundo a Organização Mundial da Saúde, ligada à Organização das Nações Unidas. O problema vem atingindo um número cada vez maior de pessoas em todo o mundo, e entre as principais causas desse crescimento estão o modo de vida sedentário e a má alimentação. Segundo um médico especialista em cirurgia de redução de estômago, a taxa de mortalidade entre homens obesos de 25 a 40 anos é 12 vezes maior quando comparada à taxa de mortalidade entre indivíduos de peso normal. O excesso de peso e de gordura no corpo desencadeia e piora problemas de saúde que poderiam ser evitados. Em alguns casos, a boa notícia é que a perda de peso leva à cura, como no caso da asma, mas em outros, como o infarto, não há solução.

FERREIRA, T. Disponível em: http://revistaepoca.globo.com. Acesso em: 2 ago. 2012 (adaptado).



","


O texto apresenta uma reflexão sobre saúde e aponta o excesso de peso e de gordura corporal dos indivíduos como um problema, relacionando-o ao:


","        padrão estético, pois o modelo de beleza dominante na sociedade requer corpos magros.      ","        equilíbrio psíquico da população, pois esse quadro interfere na autoestima das pessoas.      ","        quadro clínico da população, pois a obesidade é um fator de risco para o surgimento de diversas doenças crônicas.      ","        preconceito contra a pessoa obesa, pois ela sofre discriminação em diversos espaços sociais.      ","        desempenho na realização das atividades cotidianas, pois a obesidade interfere na performance.      ",C,
36,127,"


Azeite de oliva e óleo de linhaça: uma dupla imbatível
Rico em gorduras do bem, ela combate a obesidade, dá um chega pra lá no diabete e ainda livra o coração de entraves
Ninguém precisa esquentar a cabeça caso não seja possível usar os dois óleos juntinhos, no mesmo dia. Individualmente, o duo também bate um bolão. Segundo um estudo recente do grupo EurOlive, formado por instituições de cinco países europeus, os polifenóis do azeite de oliva ajudam a frear a oxidação do colesterol LDL, considerado perigoso. Quando isso ocorre, reduzse o risco de placas de gordura na parede dos vasos, a temida aterosclerose – doença por trás de encrencas como o infarto.

MANARINI, T. Saúde é vital, n. 347, fev. 2012 (adaptado).




Para divulgar conhecimento de natureza científica para um público não especializado, Manarini recorre à associação entre vocabulário formal e vocabulário informal.


","


Altera-se o grau de formalidade do segmento no texto, sem alterar o sentido da informação, com a substituição de:


","        ""dá um chega pra lá no diabete"" por ""manda embora o diabete"".      ","        ""esquentar a cabeça"" por ""quebrar a cabeça"".      ","        ""bate um bolão"" por ""é um show"".      ","        ""juntinhos"" por ""misturadinhos"".      ","        ""por trás de encrencas"" por ""causadora de problemas"".      ",E,
37,129,"


Posso mandar por e-mail?
Atualmente, é comum “disparar” currículos na interent com a expectativa de alcançar o maior número possível de selecionadores. Essa, no entanto, é uma ideia equivocada: é preciso saber quem vai receber seu currículo e se a vaga é realmente indicada para seu perfil, sob risco de estar “queimando o filme” com um futuro empregador. Ao enviar o currículo por e-mail, tente saber quem vai recebê-lo e faça um texto sucinto de apresentação, com a sugestão a seguir:
Assunto: Currículo para a vaga de gerente de marketing
Mensagem: Boa tarde. Meu nome é José da Silva e gostaria de me candidatar à vaga de gerente de marketing. Meu currículo segue anexo.

Guia da língua 2010: modelos e técnicas. Língua Portuguesa, 2010 (adaptado).



","


O texto integra um guia de modelos e técnicas de elaboração de textos e cumpre a função social de:


",        divulgar padrão oficial de redação e envio de currículos.      ,        indicar um modelo de currículo para pleitear uma vaga de emprego.      ,        instruir o leitor sobre como ser eficiente no envio de currículo por e-mail.      ,        responder a uma pergunta de um assinante da revista sobre o envio de currículo por e-mail.      ,        orientar o leitor sobre como alcançar o maior número possível de selecionadores de currículos.      ,C,
38,120,"


da sua memória
mil
e
mui
tos
out
ros
ros
tos
sol
tos
pou
coa
pou
coa
pag
amo
meu

ANTUNES, A. 2 ou + corpos no mesmo espaço. São Paulo: Perspectiva, 1998.



","


Trabalhando com recursos formais inspirados no Concretismo, o poema atinge uma expressividade que se caracteriza pela


","        interrupção da fluência verbal, para testar os limites da lógica racional.      ","        reestruturação formal da palavra, para provocar o estranhamento no leitor.      ","        dispersão das unidades verbais, para questionar o sentido das lembranças.      ","        fragmentação da palavra, para representar o estreitamento das lembranças.      ","        renovação das formas tradicionais, para propor uma nova vanguarda poética.      ",D,
39,133,"


Aquarela
O corpo no cavalete
é um pássaro que agoniza
exausto do próprio grito.
As vísceras vasculhadas
principiam a contagem
regressiva.
No assoalho o sangue
se decompõe em matizes
que a brisa beija e balança:
o verde – de nossas matas
o amarelo – de nosso ouro
o azul – de nosso céu
o branco o negro o negro

CACASO. In: HOLLANDA, H. B (Org.). 26 poetas hoje. Rio de Janeiro: Aeroplano, 2007.



","


Situado na vigência do Regime Militar que governou o Brasil, na década de 1970, o poema de Cacaso edifica uma forma de resistência e protesto a esse período, metaforizando:


","        as artes plásticas, deturpadas pela repressão e censura.      ","        a natureza brasileira, agonizante como um pássaro enjaulado.      ","        o nacionalismo romântico, silenciado pela perplexidade com a Ditadura.      ","        o emblema nacional, transfigurado pelas marcas do medo e da violência.      ","        as riquezas da terra, espoliadas durante o aparelhamento do poder armado.      ",D,
40,121,"


A emergência da sociedade da informação está associada a um conjunto de profundas transformações ocorridas desde as últimas duas décadas do século XX. Tais mudanças ocorrem em dimensões distintas da vida humana em sociedade, as quais interagem de maneira sinérgica e confluem para projetar a informação e o conhecimento como elementos estratégicos, dos pontos de vista econômico-produtivo, político e sociocultural.
A sociedade da informação caracteriza-se pela crescente utilização de técnicas de transmissão, armazenamento de dados e informações a baixo custo, acompanhadas por inovações organizacionais, sociais e legais. Ainda que tenha surgido motivada por um conjunto de transformações na base técnico-científica, ela se investe de um significado bem mais abrangente.

LEGEY, L.-R.; ALBAGLI, S. Disponível em: www.dgz.org.br. Acesso em: 4 dez. 2012 (adaptado).




O mundo contemporâneo tem sido caracterizado pela crescente utilização das novas tecnologias e pelo acesso à informação cada vez mais facilitado.


","


De acordo com o texto, a sociedade da informação corresponde a uma mudança na organização social porque


",        representa uma alternativa para a melhoria da qualidade de vida.      ,        associa informações obtidas instantaneamente por todos e em qualquer parte do mundo.      ,"        propõe uma comunicação mais rápida e barata, contribuindo para a intensificação do comércio.      ",        propicia a interação entre as pessoas por meio de redes sociais.      ,        representa um modelo em que a informação é utilizada intensamente nos vários setores da vida.      ,E,
41,123,"


À garrafa
Contigo adquiro a astúcia
de conter e de conter-me.
Teu estreito gargalo
é uma lição de angústia.
Por translúcida pões
o dentro fora e o fora dentro
para que a forma se cumpra
e o espaço ressoe.
Até que, farta da constante
prisão da forma, saltes
da mão para o chão
e te estilhaces, suicida,
numa explosão
de diamantes.

PAES, J. P. Prosas seguidas de odes mínimas. São Paulo: Cia. das Letras, 1992.



","


A reflexão acerca do fazer poético é um dos mais marcantes atributos da produção literária contemporânea, que, no poema de José Paulo Paes, se expressa por um(a):


","        reconhecimento, pelo eu lírico, de suas limitações no processo criativo, manifesto na expressão “Por translúcidas pões"".      ","        subserviência aos princípios do rigor formal e dos cuidados com a precisão metafórica, como se em ""prisão da forma"".      ","        visão progressivamente pessimista, em face da impossibilidade da criação poética, conforme expressa o verso ""e te estilhaces, suicida"".      ","        processo de contenção, amadurecimento e transformação da palavra, representado pelos versos ""numa explosão / de diamantes"".      ","        necessidade premente de libertação da prisão representada pela poesia, simbolicamente comparada à ""garrafa"" a ser ""estilhaçada"".      ",D,
42,131,"


Essa pequena
Meu tempo é curto, o tempo dela sobra
Meu cabelo é cinza, o dela é cor de abóbora
Temo que não dure muito a nossa novela, mas
Eu sou tão feliz com ela
Meu dia voa e ela não acorda
Vou até a esquina, ela quer ir para a Flórida
Acho que nem sei direito o que é que ela fala, mas
Não canso de contemplá-la
Feito avarento, conto os meus minutos
Cada segundo que se esvai
Cuidando dela, que anda noutro mundo
Ela que esbanja suas horas ao vento, ai
Às vezes ela pinta a boca e sai
Fique à vontade, eu digo, take your time
Sinto que ainda vou penar com essa pequena, mas
O blues já valeu a pena

CHICO BUARQUE. Disponível em: www.chicobuarque.com.br. Acesso em: 31 jun. 2012.




O texto Essa pequena registra a expressão subjetiva do enunciador, trabalhada em uma linguagem informal, comum na música popular.


","


Observa-se, como marca da variedade coloquial da linguagem presente no texto, o uso de


","        palavras emprestadas de língua estrangeira, de uso inusitado no português.      ","        expressões populares, que reforçam a proximidade entre o autor e o leitor.      ","        palavras polissêmicas, que geram ambiguidade.      ",        formas pronominais em primeira pessoa.      ,        repetições sonoras no final dos versos.      ,B,
43,124,"


Palavras jogadas fora
Quando criança, convivia no interior de São Paulo com o curioso verbo pinchar e ainda o ouço por lá esporadicamente. O sentido da palavra é o de “jogar fora” (pincha fora essa porcaria) ou “mandar embora” (pincha esse fulano daqui). Teria sido uma das muitas palavras que ouvi menos na capital do estado e, por conseguinte, deixei de usar. Quando indago às pessoas se conhecem esse verbo, comumente escuto respostas como “minha avó fala isso”. Aparentemente, para muitos falantes, esse verbo é algo do passado, que deixará de existir tão logo essa geração antiga morrer. As palavras são, em sua grande maioria, resultados de uma tradição: elas já estavam lá antes de nascermos. “Tradição”, etimologicamente, é o ato de entregar, de passar adiante, de transmitir (sobretudo valores culturais). O rompimento da tradição de uma palavra equivale à sua extinção. A gramática normativa muitas vezes colabora criando preconceitos, mas o fator mais forte que motiva os falantes a extinguirem uma palavra é associar a palavra, influenciados direta ou indiretamente pela visão normativa, a um grupo que julga não ser o seu. O pinchar, associado ao ambiente rural, onde há pouca escolaridade e refinamento citadito, está fadado à extinção?
É louvável que nos preocupemos com a extinção de ararinhas-azuis ou dos micos-leão-dourados, mas a extinção de uma palavra não promove nenhuma comoção, como não nos comovemos com a extinção de insetos, a não ser dos extraordinariamente belos. Pelo contrário, muitas vezes a extinção das palavras é incentivada.

VIARO, M. E. Língua Portuguesa, n. 77, mar. 2012 (adaptado).



","


A discussão empreendida sobre o (des)uso do verbo “pinchar” nos traz uma reflexão sobre a linguagem e seus usos, a partir da qual compreende-se que:


","        as palavras esquecidas pelos falantes devem ser descartadas dos dicionários, conforme sugere o título.      ",        o cuidado com espécies animais em extinção é mais urgente do que a preservação de palavras.      ,        o abandono de determinados vocábulos está associado a preconceitos socioculturais.      ,        as gerações têm a tradição de perpetuar o inventário de uma língua.      ,        o mundo contemporâneo exige a inovação do vocabulário das línguas.      ,C,
44,134,"


Tudo era harmonioso, sólido, verdadeiro. No princípio. As mulheres, principalmente as mortas do álbum, eram maravilhosas. Os homens, mais maravilhosos ainda, ah, difícil encontrar família mais perfeita. A nossa família, dizia a bela voz de contralto da minha avó. Na nossa família, frisava, lançando em redor olhares complacentes, lamentando os que não faziam parte do nosso clã. […]
Quando Margarida resolveu contar os podres todos que que sabia naquela noite negra da rebelião, fiquei furiosa. […]
É mentira, é mentira!, gritei tapando os ouvidos. Mas Margarida seguia em frente: tio Maximiliano se casou com a inglesa de cachos só por causa do dinheiro, não passava de um pilantra, a loirinha feiosa era riquíssima. Tia Consuelo? Ora, tia Consuelo chorava porque sentia falta de homem, ela queria homem e não Deus, ou o convento ou o sanatório. O dote era tão bom que o convento abriu-lhe as portas com loucura e tudo. “E tem mais uma coisa ainda, minha queridinha”, anunciou Margarida fazendo um agrado no meu queixo. Reagi com violência: uma agregada, uma cria e, ainda por cima, mestiça. Como ousava desmoralizar meus heróis?

TELLES, L. F. A estrutura da bolha de sabão. Rio de Janeiro: Rocco, 1999.




Representante da ficção contemporânea, a prosa de Lygia Fagundes Telles configura e desconstrói modelos sociais. 


","


No trecho, a percepção do núcleo familiar descortina um(a):


",        convivência frágil ligando pessoas financeiramente dependentes.      ,        tensa hierarquia familiar equilibrada graças à presença da matriarca.      ,        pacto de atitudes e valores mantidos à custa de ocultações e hipocrisias.      ,        tradicional conflito de gerações protagonizado pela narradora e seus tios.      ,        velada discriminação racial refletida na procura de casamentos com europeus.      ,C,
45,132,"


Carta ao Tom 74
Rua Nascimento Silva, cento e sete
Você ensinando pra Elizete
As canções de canção do amor demais
Lembra que tempo feliz
Ah, que saudade,
Ipanema era só felicidade
Era como se o amor doesse em paz
Nossa famosa garota nem sabia
A que ponto a cidade turvaria
Esse Rio de amor que se perdeu
Mesmo a tristeza da gente era mais bela
E além disso se via da janela
Um cantinho de céu e o Redentor
É, meu amigo, só resta uma certeza,
É preciso acabar com essa tristeza
É preciso inventar de novo o amor

MORAES, V.; TOQUINHO. Bossa Nova, sua história, sua gente. São Paulo: Universal; Philips,1975 (fragmento).



","


O trecho da canção de Toquinho e Vinícius de Moraes apresenta marcas do gênero textual carta, possibilitando que o eu poético e o interlocutor


",        compartilhem uma visão realista sobre o amor em sintonia com o meio urbano.      ,        troquem notícias em tom nostálgico sobre as mudanças ocorridas na cidade.      ,"        façam confidências, uma vez que não se encontram mais no Rio de Janeiro.      ",        tratem pragmaticamente sobre os destinos do amor e da vida citadina.      ,        aceitem as transformações ocorridas em pontos turísticos específicos.      ,B,
46,130,"


Cântico VI
Tu tens um medo de
Acabar.
Não vês que acabas todo o dia.
Que morres no amor.
Na tristeza.
Na dúvida.
No desejo.
Que te renovas todo dia.
No amor.
Na tristeza.
Na dúvida.
No desejo.
Que és sempre outro.
Que és sempre o mesmo.
Que morrerás por idades imensas
Até não teres medo de morrer.
E então serás eterno.

MEIRELES, C. Antologia poética. Rio de Janeiro: Record, 1963 (fragmento).



","


A poesia de Cecília Meireles revela concepções sobre o homem em seu aspecto existencial. Em Cântico VI, o eu lírico exorta seu interlocutor a perceber, como inerente à condição humana,


",        a sublimação espiritual graças ao poder de se emocionar.      ,        o desalento irremediável em face do cotidiano repetitivo.      ,        o questionamento cético sobre o rumo das atitudes humanas.      ,        a vontade inconsciente de perpetuar-se em estado adolescente.      ,        um receio ancestral de confrontar a imprevisibilidade das coisas.      ,A,
47,135,"









TEXTO II
Lucian Freud é, como ele próprio gosta de relembrar às pessoas, um biólogo. Mais propriamente, tem querido registrar verdades muito específicas sobre como é tomar posse deste determinado corpo nesta situação particular, neste específico espaço de tempo.

SMEE, S. Freud. Köln: Taschen, 2010.



","


Considerando a intencionalidade do artista, mencionada no Texto II, e a ruptura da arte no século XX com o parâmetro acadêmico, a obra apresentada trata do(a)


",        exaltação da figura masculina.      ,        descrição precisa e idealizada da forma.      ,        arranjo simétrico e proporcional dos elementos.      ,        representação do padrão do belo contemporâneo.      ,        fidelidade à forma realista isenta do ideal de perfeição.      ,E,enem-data/enem-2015/135-images/context_img_0.png
