,number,context,question,A,B,C,D,E,answer,context-images
0,3,"


No mundo árabe, países governados há décadas por regimes políticos centralizadores contabilizam metade da população com menos de 30 anos; desses, 56% têm acesso à internet. Sentindo-se sem perspectivas de futuro e diante da estagnação da economia, esses jovens incubam vírus sedentos por modernidade e democracia. Em meados de dezembro, um tunisiano
de 26 anos, vendedor de frutas, põe fogo no próprio corpo em protesto por trabalho, justiça e liberdade. Uma série de manifestações eclode na Tunísia e, como uma epidemia, o vírus libertário começa a se espalhar pelos países vizinhos, derrubando em seguida o presidente do Egito, Hosni Mubarak. Sites e redes sociais – como o Facebook e o Twitter – ajudaram a mobilizar manifestantes do norte da África a ilhas do Golfo Pérsico.

SEQUEIRA, C. D.; VILLAMÉA, L. A epidemia da Liberdade. Istoé Internacional. 2 mar. 2011 (adaptado).



","


Considerando os movimentos políticos mencionados no texto, o acesso à internet permitiu aos jovens árabes


",        reforçar a atuação dos regimes políticos existentes.      ,        tomar conhecimento dos fatos sem se envolver.      ,        manter o distanciamento necessário à sua segurança.      ,        disseminar vírus capazes de destruir programas dos computadores.      ,        difundir ideias revolucionárias que mobilizaram a população.      ,E,
1,5,"


O Centro-Oeste apresentou-se como extremamente receptivo aos novos fenômenos da urbanização, já que era praticamente virgem, não possuindo infraestrutura de monta, nem outros investimentos fixos vindos do passado. Pôde, assim, receber uma infraestrutura nova, totalmente a serviço de uma economia moderna.

SANTOS, M. A Urbanização Brasileira. São Paulo: EdUSP, 2005 (adaptado).



","


O texto trata da ocupação de uma parcela do território brasileiro. O processo econômico diretamente associado a essa ocupação foi o avanço da


",        industrialização voltada para o setor de base.      ,        economia da borracha no sul da Amazônia.      ,        fronteira agropecuária que degradou parte do cerrado.      ,        exploração mineral na Chapada dos Guimarães.      ,        extrativismo na região pantaneira.      ,C,
2,2,"


O brasileiro tem noção clara dos comportamentos éticos e morais adequados, mas vive sob o espectro da corrupção, revela pesquisa. Se o país fosse resultado dos padrões morais que as pessoas dizem aprovar, pareceria mais com a Escandinávia do que com Bruzundanga (corrompida nação fictícia de Lima Barreto).

FRAGA, P. Ninguém é inocente. Folha de S. Paulo, 4 out. 2009 (adaptado).



","


O distanciamento entre “reconhecer” e “cumprir” efetivamente o que é moral constitui uma ambiguidade inerente ao humano, porque as normas morais são


","        decorrentes da vontade divina e, por esse motivo, utópicas.      ","        parâmetros idealizados, cujo cumprimento é destituído de obrigação.      ",        amplas e vão além da capacidade de o indivíduo conseguir cumpri-las integralmente.      ,"        criadas pelo homem, que concede a si mesmo a lei à qual deve se submeter      ",        cumpridas por aqueles que se dedicam inteiramente a observar as normas jurídicas.      ,D,
3,12,"


Uma empresa norte-americana de bioenergia está expandindo suas operações para o Brasil para explorar o mercado de pinhão manso. Com sede na Califórnia, a empresa desenvolveu sementes híbridas de pinhão manso, oleaginosa utilizada hoje na produção de biodiesel e de querosene de aviação.

MAGOSSI, E. O Estado de São Paulo. 19 maio 2011 (adaptado).



","


A partir do texto, a melhoria agronômica das sementes de pinhão manso abre para o Brasil a oportunidade econômica de


",        ampliar as regiões produtoras pela adaptação do cultivo a diferentes condições climáticas.      ,        beneficiar os pequenos produtores camponeses de óleo pela venda direta ao varejo.      ,        abandonar a energia automotiva derivada do petróleo em favor de fontes alternativas.      ,        baratear cultivos alimentares substituídos pelas culturas energéticas de valor econômico superior.      ,        reduzir o impacto ambiental pela não emissão de gases do efeito estufa para a atmosfera.      ,A,
4,9,"


Como os combustíveis energéticos, as tecnologias da informação são, hoje em dia, indispensáveis em todos os setores econômicos. Através delas, um maior número de produtores é capaz de inovar e a obsolescência de bens e serviços se acelera. Longe de estender a vida útil dos equipamentos e a sua capacidade de reparação, o ciclo de vida desses produtos diminui, resultando em maior necessidade de matéria-prima para a fabricação de novos.

GROSSARD, C. Le Monde Diplomatique Brasil. Ano 3, nº 36, 2010 (adaptado)



","


A postura consumista de nossa sociedade indica a crescente produção de lixo, principalmente nas áreas urbanas, o que, associado a modos incorretos de deposição,


","        provoca a contaminação do solo e do lençol freático, ocasionando assim graves problemas socioambientais, que se adensarão com a continuidade da cultura do consumo desenfreado.      ","        produz efeitos perversos nos ecossistemas, que são sanados por cadeias de organismos decompositores que assumem o papel de eliminadores dos resíduos depositados em lixões.      ","        multiplica o número de lixões a céu aberto, considerados atualmente a ferramenta capaz de resolver de forma simplificada e barata o problema de deposição de resíduos nas grandes cidades.      ","        estimula o empreendedorismo social, visto que um grande número de pessoas, os catadores, têm livre acesso aos lixões, sendo assim incluídos na cadeia produtiva dos resíduos tecnológicos.      ","        possibilita a ampliação da quantidade de rejeitos que podem ser destinados a associações e cooperativas de catadores de materiais recicláveis, financiados por instituições da sociedade civil ou pelo poder público.      ",A,
5,10,"


O professor Paulo Saldiva pedala 6 km em 22 minutos de casa para o trabalho, todos os dias. Nunca foi atingido por um carro. Mesmo assim, é vítima diária do trânsito de São Paulo: a cada minuto sobre a bicicleta, seus pulmões são envenenados com 3,3 microgramas de poluição particulada – poeira, fumaça, fuligem, partículas de metal em suspensão, sulfatos, nitratos, carbono, compostos orgânicos e outras substâncias nocivas.

ESCOBAR, H. Sem Ar. O Estado de São Paulo. Ago. 2008.



","


A população de uma metrópole brasileira que vive nas mesmas condições socioambientais das do professor citado no texto apresentará uma tendência de


",        ampliação da taxa de fecundidade.      ,        diminuição da expectativa de vida.      ,        elevação do crescimento vegetativo.      ,        aumento na participação relativa de idosos.      ,        redução na proporção de jovens na sociedade.      ,B,
6,13,"


Um dos principais objetivos de se dar continuidade às pesquisas em erosão dos solos é o de procurar resolver os problemas oriundos desse processo, que, em última análise, geram uma série de impactos ambientais. Além disso, para a adoção de técnicas de conservação dos solos, é preciso conhecer como a água executa seu trabalho de remoção, transporte e deposição de sedimentos. A erosão causa, quase sempre, uma série de problemas ambientais, em nível local ou até mesmo em grandes áreas.

GUERRA, A. J. T. Processos erosivos nas encostas. In: GUERRA, A. J. T.; CUNHA, S. B.
Geomorfologia: uma atualização de bases e conceitos.
Rio de Janeiro: Bertrand Brasil, 2007 (adaptado).



","


A preservação do solo, principalmente em áreas de encostas, pode ser uma solução para evitar catástrofes em função da intensidade de fluxo hídrico. A prática humana que segue no caminho contrário a essa solução é


",        a aração.      ,        o terraceamento.      ,        o pousio.      ,        a drenagem.      ,        o desmatamento.      ,E,
7,14,"


Em 1872, Robert Angus Smith criou o termo “chuva ácida”, descrevendo precipitações ácidas em Manchester após a Revolução Industrial. Trata-se do acúmulo demasiado de dióxido de carbono e enxofre na atmosfera que, ao reagirem com compostos dessa camada, formam gotículas de chuva ácida e partículas de aerossóis. A chuva ácida não necessariamente ocorre no local poluidor, pois tais poluentes, ao serem lançados na atmosfera, são levados pelos ventos, podendo provocar a reação em regiões distantes. A água de forma pura apresenta pH 7, e, ao contatar agentes poluidores, reage modificando seu pH para 5,6 e até menos que isso, o que provoca reações, deixando consequências.

Disponível em: http://www.brasilescola.com. Acesso em: 18 maio 2010 (adaptado).



","


O texto aponta para um fenômeno atmosférico causador de graves problemas ao meio ambiente: a chuva ácida (pluviosidade com pH baixo). Esse fenômeno tem como consequência


","        a corrosão de metais, pinturas, monumentos históricos, destruição da cobertura vegetal e acidificação dos lagos.      ","        a diminuição do aquecimento global, já que esse tipo de chuva retira poluentes da atmosfera.      ","        a destruição da fauna e da flora, a redução dos recursos hídricos, com o assoreamento dos rios.      ","        as enchentes, que atrapalham a vida do cidadão urbano, corroendo, em curto prazo, automóveis e fios de cobre da rede elétrica.      ","        a degradação da terra nas regiões semiáridas, localizadas, em sua maioria, no Nordeste do nosso país.      ",A,
8,8,"


O fenômeno de ilha de calor é o exemplo mais marcante da modificação das condições iniciais do clima pelo processo de urbanização, caracterizado pela modificação do solo e pelo calor antropogênico, o qual inclui todas as atividades humanas inerentes à sua vida na cidade.

BARBOSA, R. V. R. Áreas verdes e qualidade térmica em ambientes urbanos:
estudo em microclimas em Maceió. São Paulo: EdUSP, 2005.



","


O texto exemplifica uma importante alteração socioambiental, comum aos centros urbanos. A maximização desse fenômeno ocorre


",        pela reconstrução dos leitos originais dos cursos d’água antes canalizados.      ,        pela recomposição de áreas verdes nas áreas centrais dos centros urbanos.      ,        pelo uso de materiais com alta capacidade de reflexão no topo dos edifícios.      ,        pelo processo de impermeabilização do solo nas áreas centrais das cidades.      ,        pela construção de vias expressas e gerenciamento de tráfego terrestre.      ,D,
9,6,"


A Floresta Amazônica, com toda a sua imensidão, não vai estar aí para sempre. Foi preciso alcançar toda essa taxa de desmatamento de quase 20 mil quilômetros quadrados ao ano, na última década do século XX, para que uma pequena parcela de brasileiros se desse conta de que o maior patrimônio natural do país está sendo torrado.

AB’SABER, A. Amazônia: do discurso à práxis. São Paulo: EdUSP, 1996.



","


Um processo econômico que tem contribuído na atualidade para acelerar o problema ambiental descrito é:


","        Expansão do Projeto Grande Carajás, com incentivos à chegada de novas empresas mineradoras.      ",        Difusão do cultivo da soja com a implantação de monoculturas mecanizadas.      ,"        Construção da rodovia Transamazônica, com o objetivo de interligar a região Norte ao restante do país.      ",        Criação de áreas extrativistas do látex das seringueiras para os chamados povos da floresta.      ,"        Ampliação do polo industrial da Zona Franca de Manaus, visando atrair empresas nacionais e estrangeiras.      ",B,
10,16,"


Na década de 1990, os movimentos sociais camponeses e as ONGs tiveram destaque, ao lado de outros sujeitos coletivos. Na sociedade brasileira, a ação dos movimentos sociais vem construindo lentamente um conjunto de práticas democráticas no interior das escolas, das comunidades, dos grupos organizados e na interface da sociedade civil com o Estado. O diálogo, o confronto e o conflito têm sido os motores no processo de construção democrática.

SOUZA, M. A. Movimentos sociais no Brasil contemporâneo: participação e possibilidades das práticas democráticas. Disponível em: http://www.ces.uc.pt. Acesso em: 30 abr. 2010 (adaptado).



","


Segundo o texto, os movimentos sociais contribuem para o processo de construção democrática, porque


",        determinam o papel do Estado nas transformações socioeconômicas.      ,        aumentam o clima de tensão social na sociedade civil.      ,        pressionam o Estado para o atendimento das demandas da sociedade.      ,        privilegiam determinadas parcelas da sociedade em detrimento das demais.      ,        propiciam a adoção de valores éticos pelos órgãos do Estado.      ,C,
11,4,"










TEIXEIRA, W. et al. Decifrando a Terra. São Paulo: Nacional, 2009 (adaptado).



","


O gráfico relaciona diversas variáveis ao processo de formação do solo. A interpretação dos dados mostra que a água é um dos importantes fatores de pedogênese, pois nas áreas


",        de clima temperado ocorrem alta pluviosidade e grande profundidade de solos.      ,"        tropicais ocorre menor pluviosidade, o que se relaciona com a menor profundidade das rochas inalteradas.      ","        de latitudes em torno de 30° ocorrem as maiores profundidades de solo, visto que há maior umidade.      ","        tropicais a profundidade do solo é menor, o que evidencia menor intemperismo químico da água sobre as rochas.      ","        de menor latitude ocorrem as maiores precipitações, assim como a maior profundidade dos solos.      ",E,enem-data/enem-2011/4-images/context_img_0.png
12,11,"


SOBRADINHO
O homem chega, já desfaz a natureza
Tira gente, põe represa, diz que tudo vai mudar
O São Francisco lá pra cima da Bahia
Diz que dia menos dia vai subir bem devagar
E passo a passo vai cumprindo a profecia do beato que
dizia que o Sertão ia alagar.

SÁ E GUARABYRA. Disco Pirão de peixe com pimenta. Som Livre, 1977 (adaptado).



","


O trecho da música faz referência a uma importante obra na região do rio São Francisco. Uma consequência socioespacial dessa construção foi


",        a migração forçada da população ribeirinha.      ,        o rebaixamento do nível do lençol freático local.      ,        a preservação da memória histórica da região.      ,        a ampliação das áreas de clima árido.      ,        a redução das áreas de agricultura irrigada.      ,A,
13,7,"










Disponível em: http://www.ra-bugio.org.br. Acesso em: 28 jul. 2010.



","


A imagem retrata a araucária, árvore que faz parte de um importante bioma brasileiro que, no entanto, já foi bastante degradado pela ocupação humana. Uma das formas de intervenção humana relacionada à degradação desse bioma foi


",        o avanço do extrativismo de minerais metálicos voltados para a exportação na região Sudeste.      ,        a contínua ocupação agrícola intensiva de grãos na região Centro-Oeste do Brasil.      ,        o processo de desmatamento motivado pela expansão da atividade canavieira no Nordeste brasileiro.      ,"        o avanço da indústria de papel e celulose a partir da exploração da madeira, extraída principalmente no Sul do Brasil.      ",        o adensamento do processo de favelização sobre áreas da Serra do Mar na região Sudeste.      ,D,enem-data/enem-2011/7-images/context_img_0.png
14,1,"










Disponível em: http://www1.folha.uol.com.br. Acesso em: 17 abr. 2010 (adaptado). (Foto: Reprodução/Enem)







O movimento representado na imagem, do início dos anos de 1990, arrebatou milhares de jovens no Brasil.






","




Nesse contexto, a juventude, movida por um forte sentimento cívico,




",        aliou-se aos partidos de oposição e organizou a campanha Diretas Já.      ,        manifestou-se contra a corrupção e pressionou pela aprovação da Lei da Ficha Limpa.      ,        engajou-se nos protestos relâmpago e utilizou a internet para agendar suas manifestações.      ,        espelhou-se no movimento estudantil de 1968 e protagonizou ações revolucionárias armadas.      ,        tornou-se porta-voz da sociedade e influenciou no processo de impeachment do então presidente Collor.      ,E,enem-data/enem-2011/1-images/context_img_0.png
15,17,"


Art. 92. São excluídos de votar nas Assembleias Paroquiais:
I. Os menores de vinte e cinco anos, nos quais não se compreendam os casados, e Oficiais Militares, que forem maiores de vinte e um anos, os Bacharéis Formados e Clérigos de Ordens Sacras.
IV. Os Religiosos, e quaisquer que vivam em Comunidade claustral.
V. Os que não tiverem de renda líquida anual cem mil réis por bens de raiz, indústria, comércio ou empregos.



Constituição Política do Império do Brasil (1824). Disponível em: https://legislação.planalto.gov.br. Acesso em: 27 abr. 2010 (adaptado).






","




A legislação espelha os conflitos políticos e sociais do contexto histórico de sua formulação. A Constituição de 1824 regulamentou o direito de voto dos “cidadãos brasileiros“ com o objetivo de garantir




",        o fim da inspiração liberal sobre a estrutura política brasileira      ,        a ampliação do direito de voto para maioria dos brasileiros nascidos livres.      ,"        a concentração de poderes na região produtora de café, o Sudeste brasileiro.      ",        o controle do poder político nas mãos dos grandes proprietários e comerciantes.      ,        a diminuição da interferência da Igreja Católica nas decisões político-administrativas.      ,D,
16,18,"


Completamente analfabeto, ou quase, sem assistência médica, não lendo jornais, nem revistas, nas quais se limita a ver as figuras, o trabalhador rural, a não ser em casos esporádicos, tem o patrão na conta de benfeitor. No plano político, ele luta com o “coronel” e pelo “coronel”. Aí estão os votos de cabresto, que resultam, em grande parte, da nossa organização econômica rural.



LEAL, V. N. Coronelismo, enxada e voto. São Paulo: Alfa-Ômega, 1978 (adaptado).






","




O coronelismo, fenômeno político da Primeira República (1889-1930), tinha como uma de suas principais características o controle do voto, o que limitava, portanto, o exercício da cidadania. Nesse período, esta prática estava vinculada a uma estrutura social




","        igualitária, com um nível satisfatório de distribuição da renda.      ","        estagnada, com uma relativa harmonia entre as classes.      ","        tradicional, com a manutenção da escravidão nos engenhos como forma produtiva típica.      ","        ditatorial, perturbada por um constante clima de opressão mantido pelo exército e polícia.      ","        agrária, marcada pela concentração da terra e do poder político local e regional.      ",E,
17,21,"


É difícil encontrar um texto sobre a Proclamação da República no Brasil que não cite a afirmação de Aristides Lobo, no Diário Popular de São Paulo, de que “o povo assistiu àquilo bestializado”. Essa versão foi relida pelos enaltecedores da Revolução de 1930, que não descuidaram da forma republicana, mas realçaram a exclusão social, o militarismo e o estrangeirismo da fórmula implantada em 1889. Isto porque o Brasil brasileiro teria nascido em 1930

MELLO, M. T. C. A república consentida: cultura democrática e científica no final do Império.
Rio de Janeiro: FGV, 2007 (adaptado).



","




O texto defende que a consolidação de uma determinada memória sobre a Proclamação da República no Brasil teve, na Revolução de 1930, um de seus momentos mais importantes. Os defensores da Revolução de 1930 procuraram construir uma visão negativa para os eventos de 1889, porque esta era uma maneira de




",        valorizar as propostas políticas democráticas e liberais vitoriosas.      ,        resgatar simbolicamente as figuras políticas ligadas à Monarquia.      ,        criticar a política educacional adotada durante a República Velha.      ,        legitimar a ordem política inaugurada com a chegada desse grupo ao poder.      ,        destacar a ampla participação popular obtida no processo da Proclamação.      ,D,
18,19,"


Estamos testemunhando o reverso da tendência histórica da assalariação do trabalho e socialização da produção, que foi característica predominante na era industrial. A nova organização social e econômica baseada nas tecnologias da informação visa à administração descentralizadora, ao trabalho individualizante e aos mercados personalizados. As novas tecnologias da informação possibilitam, ao mesmo tempo, a descentralização das tarefas e sua coordenação em uma rede interativa de comunicação em tempo real, seja entre continentes, seja entre os andares de um mesmo edifício.

CASTELLS, M. A sociedade em rede. São Paulo: Paz e Terra, 2006 (adaptado).



","


No contexto descrito, as sociedades vivenciam mudanças constantes nas ferramentas de comunicação que afetam os processos produtivos nas empresas. Na esfera do trabalho, tais mudanças têm provocado


",        o aprofundamento dos vínculos dos operários com as linhas de montagem sob influência dos modelos orientais de gestão.      ,        o aumento das formas de teletrabalho como solução de larga escala para o problema do desemprego crônico.      ,        o avanço do trabalho flexível e da terceirização como respostas às demandas por inovação e com vistas à mobilidade dos investimentos.      ,        a autonomização crescente das máquinas e computadores em substituição ao trabalho dos especialistas técnicos e gestores.      ,"        o fortalecimento do diálogo entre operários, gerentes, executivos e clientes com a garantia de harmonização das relações de trabalho.      ",C,
19,15,"










SILVA, E. S. O. Circuito espacial de produção e comercialização da produção familiar de tomate no município de São José de Ubá (RJ). In: RIBEIRO, M. A.; MARAFON, G. J. (orgs.).
A metrópole e o interior fluminense: simetrias e assimetrias geométricas.
Foto: Rio de Janeiro: Gramma, 2009 (adaptado).



","


O organograma apresenta os diversos atores que integram uma cadeia agroindustrial e a intensa relação entre os setores primário, secundário e terciário. Nesse sentido, a disposição dos atores na cadeia agroindustrial demonstra


",        a autonomia do setor primário.      ,        a importância do setor financeiro.      ,        o distanciamento entre campo e cidade.      ,        a subordinação da indústria à agricultura.      ,        a horizontalidade das relações produtivas.      ,B,enem-data/enem-2011/15-images/context_img_0.png
20,25,"


Embora o Brasil seja signatário das convenções e tratados internacionais contra a tortura e tenha incorporado em seu ordenamento jurídico uma lei tipificando o crime, ele continua a ocorrer em larga escala. Mesmo que a lei que tipifica a tortura esteja vigente desde 1997, até o ano 2000 não se conhece nenhum caso de condenação de torturadores julgado em última instância, embora tenham sido registrados nesse período centenas de casos, além de numerosos outros presumíveis mas não registrados.



Disponível em: http://www.dhnet.org.br. Acesso em: 16 jun 2010 (adaptado).






","




O texto destaca a questão da tortura no país, apontando que




","        a justiça brasileira, por meio de tratados e leis, tem conseguido inibir e, inclusive, extinguir a prática da tortura.      ",        a existência da lei não basta como garantia de justiça para as vítimas e testemunhas dos casos de tortura.      ,"        as denúncias anônimas dificultam a ação da justiça, impedindo que torturadores sejam reconhecidos e identificados pelo crime cometido.      ","        a falta de registro da tortura por parte das autoridades policiais, em razão do desconhecimento da tortura como crime, legitima a impunidade.      ","        a justiça tem esbarrado na precária existência de jurisprudência a respeito da tortura, o que a impede de atuar nesses casos.      ",B,
21,26,"


A ação democrática consiste em todos tomarem parte do processo decisório sobre aquilo que terá consequência na vida de toda coletividade.

GALLO, S. etal. Ética e Cidadania. Caminhos da Filosofia. Campinas: Papirus, 1997 (adaptado).




TEXTO II




É necessário que haja liberdade de expressão, fiscalização sobre órgãos governamentais e acesso por parte da população às informações trazidas a público pela imprensa.

Disponível em: http://www.observatoriodaimprensa.com.br. Acesso em: 24 abr. 2010.



","


Partindo da perspectiva de democracia apresentada no Texto I, os meios de comunicação, de acordo com o Texto II, assumem um papel relevante na sociedade por


",        orientarem os cidadãos na compra dos bens necessários à sua sobrevivência e bem-estar.      ,          fornecerem informações que fomentam o debate político na esfera pública.      ,        apresentarem aos cidadãos a versão oficial dos fatos.      ,"          propiciarem o entretenimento, aspecto relevante para conscientização política.      ","        promoverem a unidade cultural, por meio das transmissões esportivas.      ",B,
22,24,"


A introdução de novas tecnologias desencadeou uma série de efeitos sociais que afetaram os trabalhadores e sua organização. O uso de novas tecnologias trouxe a diminuição do trabalho necessário que se traduz na economia líquida do tempo de trabalho, uma vez que, com a presença da automação microeletrônica, começou a ocorrer a diminuição dos coletivos operários e uma mudança na organização dos processos de trabalho.

Revista Eletrônica de Geografia Y Ciências Sociales.
Universidad de Barcelona. Nº 170(9), 1 ago. 2004.



","


A utilização de novas tecnologias tem causado inúmeras alterações no mundo do trabalho. Essas mudanças são observadas em um modelo de produção caracterizado


",        pelo uso intensivo do trabalho manual para desenvolver produtos autênticos e personalizados.      ,        pelo ingresso tardio das mulheres no mercado de trabalho no setor industrial.      ,        pela participação ativa das empresas e dos próprios trabalhadores no processo de qualificação laboral.      ,        pelo aumento na oferta de vagas para trabalhadores especializados em funções repetitivas.      ,        pela manutenção de estoques de larga escala em função da alta produtividade.      ,C,
23,23,"


O acidente nuclear de Chernobyl revela brutalmente os limites dos poderes técnico-científicos da humanidade e as “marchas-à-ré” que a “natureza” nos pode reservar. É evidente que uma gestão mais coletiva se impõe para orientar as ciências e as técnicas em direção a finalidades mais humanas.

GUATTARI, F. As três ecologias. São Paulo: Papirus, 1995 (adaptado).



","


O texto trata do aparato técnico-científico e as suas consequências para a humanidade, propondo que esse desenvolvimento


",        defina seus projetos a partir dos interesses coletivos.      ,"        guie-se por interesses econômicos, prescritos pela lógica do mercado.      ","        priorize a evolução da tecnologia, se apropriando da natureza.      ",        promova a separação entre natureza e sociedade tecnológica.      ,"        tenha gestão própria, com o objetivo de melhor apropriação da natureza.      ",A,
24,22,"




Até que ponto, a partir de posturas e interesses diversos, as oligarquias paulista e mineira dominaram a cena política nacional na Primeira República? A união de ambas foi um traço fundamental, mas que não conta toda a história do período. A união foi feita com a preponderância de uma ou de outra das duas frações. Com o tempo, surgiram as discussões e um grande desacerto final.




FAUSTO, B. História do Brasil. São Paulo: EdUSP, 2004 (adaptado).



","




Para a caracterização do processo político durante a Primeira República, utiliza-se com frequência a expressão Política do Café com Leite. No entanto, os textos apresentam a seguinte ressalva a sua utilização:




","        A riqueza gerada pelo café dava à oligarquia paulista a prerrogativa de indicar os candidatos à presidência, sem necessidade de alianças.      ",        As divisões políticas internas de cada estado da federação invalidavam o uso do conceito de aliança entre estados para este período.      ,        As disputas políticas do período contradiziam a suposta estabilidade da aliança entre mineiros e paulistas.      ,        A centralização do poder no executivo federal impedia a formação de uma aliança duradoura entre as oligarquias.      ,        A diversificação da produção e a preocupação com o mercado interno unificavam os interesses das oligarquias.      ,C,
25,30,"


Em geral, os nossos tupinambás ficam bem admirados ao ver os franceses e os outros dos países longínquos terem tanto trabalho para buscar o seu arabotã, isto é, pau-brasil. Houve uma vez um ancião da tribo que me fez esta pergunta: “Por que vindes vós outros, mairs e perós (franceses e portugueses), buscar lenha de tão longe para vos aquecer? Não tendes madeira em vossa terra?”



LÉRY, J. Viagem à Terra do Brasil. In: FERNANDES, F. Mudanças Sociais no Brasil. São Paulo: Difel, 1974.






","




O viajante francês Jean de Léry (1534-1611) reproduz um diálogo travado, em 1557, com um ancião tupinambá, o qual demonstra uma diferença entre a sociedade europeia e a indígena no sentido




",        do destino dado ao produto do trabalho nos seus sistemas culturais.      ,        da preocupação com a preservação dos recursos ambientais.      ,        do interesse de ambas em uma exploração comercial mais lucrativa do pau-brasil.      ,"        da curiosidade, reverência e abertura cultural recíprocas.      ",        da preocupação com o armazenamento de madeira para os períodos de inverno.      ,A,
26,31,"


O açúcar e suas técnicas de produção foram levados à Europa pelos árabes no século VIII, durante a Idade Média, mas foi principalmente a partir das Cruzadas (séculos XI e XIII) que a sua procura foi aumentando. Nessa época passou a ser importado do Oriente Médio e produzido em pequena escala no sul da Itália, mas continuou a ser um produto de luxo, extremamente caro, chegando a figurar nos dotes de princesas casadoiras.



CAMPOS, R. Grandeza do Brasil no tempo de Antonil (1681-1716). São Paulo: Atual, 1996.






","




Considerando o conceito do Antigo Sistema Colonial, o açúcar foi o produto escolhido por Portugal para dar início à colonização brasileira, em virtude de




",        o lucro obtido com o seu comércio ser muito vantajoso.      ,        os árabes serem aliados históricos dos portugueses      ,        a mão de obra necessária para o cultivo ser insuficiente.      ,        as feitorias africanas facilitarem a comercialização desse produto.      ,        os nativos da América dominarem uma técnica de cultivo semelhante.      ,A,
27,38,"


O café tem origem na região onde hoje se encontra a Etiópia, mas seu cultivo e consumo se disseminaram a partir da Península Árabe. Aportou à Europa por Constantinopla e, finalmente, em 1615, ganhou a cidade de Veneza. Quando o café chegou à região europeia, alguns clérigos sugeriram que o produto deveria ser excomungado, por ser obra do diabo. O papa Clemente VIII (1592-1605), contudo, resolveu provar a bebida. Tendo gostado do sabor, decidiu que ela deveria ser batizada para que se tornasse uma “bebida verdadeiramente cristã”.



THORN, J. Guia do café. Lisboa: Livros e livros, 1998 (adaptado).






","




A postura dos clérigos e do papa Clemente VIII diante da introdução do café na Europa Ocidental pode ser explicada pela associação dessa bebida ao




",        ateísmo      ,        judaísmo      ,        hinduísmo.      ,        islamismo      ,        protestantismo.      ,D,
28,28,"


Um volume imenso de pesquisas tem sido produzido para tentar avaliar os efeitos dos programas de televisão. A maioria desses estudos diz respeito às crianças — o que é bastante compreensível pela quantidade de tempo que elas passam em frente ao aparelho e pelas possíveis implicações desse comportamento para a socialização. Dois dos tópicos mais pesquisados são o impacto da televisão no âmbito do crime e da violência e a natureza das notícias exibidas na televisão.

GIDDENS, A. Sociologia. Porto Alegre: Artmed, 2005.



","


O texto indica que existe uma significativa produção científica sobre os impactos socioculturais da televisão na vida do ser humano. E as crianças, em particular, são as mais vulneráveis a essas influências, porque


",        codificam informações transmitidas nos programas infantis por meio da observação.      ,        adquirem conhecimentos variados que incentivam o processo de interação social.      ,        interiorizam padrões de comportamento e papéis sociais com menor visão crítica.      ,        observam formas de convivência social baseadas na tolerância e no respeito.      ,        apreendem modelos de sociedade pautados na observância das leis.      ,C,
29,32,"


A Lei 10.639, de 9 de janeiro de 2003, inclui no currículo dos estabelecimentos de ensino fundamental e médio, oficiais e particulares, a obrigatoriedade do ensino sobre História e Cultura Afro-Brasileira e determina que o conteúdo programático incluirá o estudo da História da África e dos africanos, a luta dos negros no Brasil, a cultura negra brasileira e o negro na formação da sociedade nacional, resgatando a contribuição do povo negro nas áreas social, econômica e política pertinentes à História do Brasil, além de instituir, no calendário escolar, o dia 20 de novembro como data comemorativa do “Dia da Consciência Negra”.



Disponível em: http://www.planalto.gov.br. Acesso em: 27 jul. 2010 (adaptado).






","




A referida lei representa um avanço não só para a educação nacional, mas também para a sociedade brasileira, porque




",        legitima o ensino das ciências humanas nas escolas.      ,        divulga conhecimentos para a população afro-brasileira.      ,        reforça a concepção etnocêntrica sobre a África e sua cultura.      ,        garante aos afrodescendentes a igualdade no acesso à educação.      ,        impulsiona o reconhecimento da pluralidade étnico-racial do país.      ,E,
30,36,"


Se a mania de fechar, verdadeiro habitus da mentalidade medieval nascido talvez de um profundo sentimento de insegurança, estava difundida no mundo rural, estava do mesmo modo no meio urbano, pois que uma das características da cidade era de ser limitada por portas e por uma muralha.

DUBY, G. et al. “Séculos XIV-XV”. In: ARIÈS, P.; DUBY, G. História da vida privada da
Europa Feudal à Renascença. São Paulo: Cia. das Letras, 1990 (adaptado).



","




As práticas e os usos das muralhas sofreram importantes mudanças no final da Idade Média, quando elas assumiram a função de pontos de passagem ou pórticos. Este processo está diretamente relacionado com




",        o crescimento das atividades comerciais e urbanas.      ,        a migração de camponeses e artesãos      ,        a expansão dos parques industriais e fabris.      ,        o aumento do número de castelos e feudos.      ,        a contenção das epidemias e doenças.      ,A,
31,29,"


Subindo morros, margeando córregos ou penduradas em palafitas, as favelas fazem parte da paisagem de um terço dos municípios do país, abrigando mais de 10 milhões de pessoas, segundo dados do Instituto Brasileiro de Geografia e Estatística (IBGE).

MARTINS, A. R. A favela como um espaço da cidade. Disponível em: http://www.revistaescola.abril.com.br. Acesso em: 31 jul. 2010.



","


A situação das favelas no país reporta a graves problemas de desordenamento territorial. Nesse sentido, uma característica comum a esses espaços tem sido


",        o planejamento para a implantação de infraestruturas urbanas necessárias para atender as necessidades básicas dos moradores.      ,        a organização de associações de moradores interessadas na melhoria do espaço urbano e financiadas pelo poder público.      ,        a presença de ações referentes à educação ambiental com consequente preservação dos espaços naturais circundantes.      ,        a ocupação de áreas de risco suscetíveis a enchentes ou desmoronamentos com consequentes perdas materiais e humanas.      ,        o isolamento socioeconômico dos moradores ocupantes desses espaços com a resultante multiplicação de políticas que tentam reverter esse quadro.      ,D,
32,37,"


Os chineses não atrelam nenhuma condição para efetuar investimentos nos países africanos. Outro ponto interessante é a venda e compra de grandes somas de áreas, posteriormente cercadas. Por se tratar de países instáveis e com governos ainda não consolidados, teme-se que algumas nações da África tornem-se literalmente protetorados.

BRANCOLI, F. China e os novos investimentos na África:
neocolonialismo ou mudanças na arquitetura global
Disponível em: http://opiniaoenoticia.com.br. Acesso em: 29 abr. 2010 (adaptado).



","


A presença econômica da China em vastas áreas do globo é uma realidade do século XXI. A partir do texto, como é possível caracterizar a relação econômica da China com o continente africano?


","        Pela presença de órgãos econômicos internacionais como o Fundo Monetário Internacional (FMI) e o Banco Mundial, que restringem os investimentos chineses, uma vez que estes não se preocupam com a preservação do meio ambiente.      ","        Pela ação de ONGs (Organizações Não Governamentais) que limitam os investimentos estatais chineses, uma vez que estes se mostram desinteressados em relação aos problemas sociais africanos.      ","        Pela aliança com os capitais e investimentos diretos realizados pelos países ocidentais, promovendo o crescimento econômico de algumas regiões desse continente.      ","        Pela presença cada vez maior de investimentos diretos, o que pode representar uma ameaça à soberania dos países africanos ou manipulação das ações destes governos em favor dos grandes projetos      ","        Pela presença de um número cada vez maior de diplomatas, o que pode levar à formação de um Mercado Comum Sino-Africano, ameaçando os interesses ocidentais.      ",D,
33,35,"


No clima das ideias que se seguiram à revolta de São Domingos, o descobrimento de planos para um levante armado dos artífices mulatos na Bahia, no ano de 1798, teve impacto muito especial; esses planos demonstravam aquilo que os brancos conscientes tinham já começado a compreender: as ideias de igualdade social estavam a propagar-se numa sociedade em que só um terço da população era de brancos e iriam inevitavelmente ser interpretados em termos raciais.



MAXWELL, K. Condicionalismos da Independência do Brasil. In: SILVA, M. N. (coord.) O Império luso-brasileiro, 1750-1822. Lisboa: Estampa, 1966.






","


O temor do radicalismo da luta negra no Haiti e das propostas das lideranças populares da Conjuração Baiana (1798) levaram setores da elite colonial brasileira a novas posturas diante das reivindicações populares. No período da Independência, parte da elite participou


","        instalar um partido nacional, sob sua liderança, garantindo participação controlada dos afro-brasileiros e inibindo novas rebeliões de negros.      ","        atender aos clamores apresentados no movimento baiano, de modo a inviabilizar novas rebeliões, garantindo o controle da situação.      ","        firmar alianças com as lideranças escravas, permitindo a promoção de mudanças exigidas pelo povo sem a profundidade proposta inicialmente.      ","        impedir que o povo conferisse ao movimento um teor libertário, o que terminaria por prejudicar seus interesses e seu projeto de nação.      ","        rebelar-se contra as representações metropolitanas, isolando politicamente o Príncipe Regente, instalando um governo conservador para controlar o povo.      ",D,
34,20,"










GOMES, A. et al. A República no Brasil. Rio de Janeiro: Nova Fronteira, 2002.



","


A análise da tabela permite identificar um intervalo de tempo no qual uma alteração na proporção de eleitores inscritos resultou de uma luta histórica de setores da sociedade brasileira. O intervalo de tempo e a conquista estão associados, respectivamente, em


",        1940-1950 – direito de voto para os ex-escravos.      ,        1950-1960 – fim do voto secreto.      ,        1960-1970 – direito de voto para as mulheres.      ,        1970-1980 – fim do voto obrigatório.      ,        1980-1996 – direito de voto para os analfabetos.      ,E,enem-data/enem-2011/20-images/context_img_0.png
35,33,"


Os três tipos de poder representam três diversos tipos de motivações: no poder tradicional, o motivo da obediência é a crença na sacralidade da pessoa do soberano; no poder racional, o motivo da obediência deriva da crença na racionalidade do comportamento conforme a lei; no poder carismático, deriva da crença nos dotes extraordinários do chefe.

BOBBIO, N. Estado, Governo, Sociedade: para uma teoria geral da política.
São Paulo: Paz e Terra, 1999 (adaptado).



","




Os três tipos de poder representam três diversos tipos de motivações: no poder tradicional, o motivo da obediência




",        República Federalista Norte-Americana.      ,        República Fascista Italiana no século XX.      ,        Monarquia Teocrática do Egito Antigo.      ,        Monarquia Absoluta Francesa no século XVII.      ,        Monarquia Constitucional Brasileira no século XIX.      ,B,
36,40,"


Acompanhando a intenção da burguesia renascentista de ampliar seu domínio sobre a natureza e sobre o espaço geográfico, através da pesquisa científica e da invenção tecnológica, os cientistas também iriam se atirar nessa aventura, tentando conquistar a forma, o movimento, o espaço, a luz, a cor e mesmo a expressão e o sentimento.

(SEVCENKO, N. O Renascimento, Campinas, Unicamp, 1984).



","




O texto apresenta um espírito de época que afetou também a produção artística, marcada pela constante relação entre




",        fé e misticismo.      ,        ciência e arte.      ,        cultura e comércio.      ,        política e economia.      ,        astronomia e religião.      ,B,
37,27,"












Foto de Militão, São Paulo, 1879. ALENCASTRO, L. F. (org). História da vida privada no Brasil. Império: a corte e a modernidade nacional. São Paulo: Cia. das Letras, 1997. (Foto: Reprodução/Enem)






","




Que aspecto histórico da escravidão no Brasil do séc. XIX pode ser identificado a partir da análise do vestuário do casal retratado acima?




",        O uso de trajes simples indica a rápida incorporação dos ex-escravos ao mundo do trabalho urbano.      ,        A presença de acessórios como chapéu e sombrinha aponta para a manutenção de elementos culturais de origem africana.      ,        O uso de sapatos é um importante elemento de diferenciação social entre negros libertos ou em melhores condições na ordem escravocrata.      ,        A utilização do paletó e do vestido demonstra a tentativa de assimilação de um estilo europeu como forma de distinção em relação aos brasileiros.      ,        A adoção de roupas próprias para o trabalho doméstico tinha como finalidade demarcar as fronteiras da exclusão social naquele contexto.      ,C,enem-data/enem-2011/27-images/context_img_0.png
38,45,"


As migrações transnacionais, intensificadas e generalizadas nas últimas décadas do século XX, expressam aspectos particularmente importantes da problemática racial, visto como dilema também mundial. Deslocam-se indivíduos, famílias e coletividades para lugares próximos e distantes, envolvendo mudanças mais ou menos drásticas nas condições de vida e trabalho, em padrões e valores socioculturais. Deslocam-se para sociedades semelhantes ou radicalmente distintas, algumas vezes compreendendo culturas ou mesmo civilizações totalmente diversas.

IANNI, O. A era do globalismo. Rio de Janeiro: Civilização Brasileira, 1996.



","


A mobilidade populacional da segunda metade do século XX teve um papel importante na formação social e econômica de diversos estados nacionais. Uma razão para os movimentos migratórios nas últimas décadas e uma política migratória atual dos países desenvolvidos são


",        a busca de oportunidades de trabalho e o aumento de barreiras contra a imigração.      ,        a necessidade de qualificação profissional e a abertura das fronteiras para os imigrantes.      ,        o desenvolvimento de projetos de pesquisa e o acautelamento dos bens dos imigrantes.      ,        a expansão da fronteira agrícola e a expulsão dos imigrantes qualificados.      ,        a fuga decorrente de conflitos políticos e o fortalecimento de políticas sociais.      ,A,
39,42,"


A consolidação do regime democrático no Brasil contra os extremismos da esquerda e da direita exige ação enérgica e permanente no sentido do aprimoramento das instituições políticas e da realização de reformas corajosas no terreno econômico, financeiro e social.

 Mensagem programática da União Democrática Nacional (UDN) — 1957.





Os trabalhadores deverão exigir a constituição de um governo nacionalista e democrático, com participação dos trabalhadores para a realização das seguintes medidas: a) Reforma bancária progressista; b)Reforma agrária que extinga o latifúndio; c) Regulamentação da Lei de Remessas de Lucros.



Manifesto do Comando Geral dos Trabalhadores (CGT) — 1962. BONAVIDES, P; AMARAL, R. Textos políticos da história do Brasil. Brasília: Senado Federal, 2002.






","




Nos anos 1960 eram comuns as disputas pelo significado de termos usados no debate político, como democracia e reforma. Se, para os setores aglutinados em torno da UDN, as reformas deveriam assegurar o livre mercado, para aqueles organizados no CGT, elas deveriam resultar em




",        fim da intervenção estatal na economia.      ,        crescimento do setor de bens de consumo.      ,        controle do desenvolvimento industrial.      ,        atração de investimentos estrangeiros.      ,        limitação da propriedade privada.      ,E,
40,39,"


No Estado de São Paulo, a mecanização da colheita da cana-de-açúcar tem sido induzida também pela legislação ambiental, que proíbe a realização de queimadas em áreas próximas aos centros urbanos. Na região de Ribeirão Preto, principal polo sucroalcooleiro do país, a mecanização da colheita já é realizada em 516 mil dos 1,3 milhão de hectares cultivados com cana-de-açúcar.

BALSADI, O. et al. Transformações Tecnológicas e a força de trabalho na agricultura brasileira no período de 1990-2000. Revista de economia agrícola. V. 49 (1), 2002.



","


O texto aborda duas questões, uma ambiental e outra socioeconômica, que integram o processo de modernização da produção canavieira. Em torno da associação entre elas, uma mudança decorrente desse processo é a


",        perda de nutrientes do solo devido à utilização constante de máquinas.      ,        eficiência e racionalidade no plantio com maior produtividade na colheita.      ,        ampliação da oferta de empregos nesse tipo de ambiente produtivo. D      ,        menor compactação do solo pelo uso de maquinário agrícola de porte.      ,        poluição do ar pelo consumo de combustíveis fósseis pelas máquinas.      ,B,
41,34,"












SMITH, D. Atlas da Situação Mundial. São Paulo: Cia. Editora Nacional, 2007 (adaptado). (Foto: Reprodução/Enem)






","




Uma explicação de caráter histórico para o percentual da religião com maior número de adeptos declarados no Brasil foi a existência, no passado colonial e monárquico, da




",        incapacidade do cristianismo de incorporar aspectos de outras religiões.      ,        incorporação da ideia de liberdade religiosa na esfera pública.      ,        permissão para o funcionamento de igrejas não cristãs.      ,        relação de integração entre Estado e Igreja.      ,        influência das religiões de origem africana.      ,D,enem-data/enem-2011/34-images/context_img_0.png
42,43,"


Em meio às turbulências vividas na primeira metade dos anos 1960, tinha-se a impressão de que as tendências de esquerda estavam se fortalecendo na área cultural. O Centro Popular de Cultura (CPC) da União Nacional dos Estudantes (UNE) encenava peças de teatro que faziam agitação e propaganda em favor da luta pelas reformas de base e satirizavam o “imperialismo” e seus “aliados internos”.



KONDER, L. História das Ideias Socialistas no Brasil. São Paulo: Expressão Popular, 2003






","




No início da década de 1960, enquanto vários setores da esquerda brasileira consideravam que o CPC da UNE era uma importante forma de conscientização das classes trabalhadoras, os setores conservadores e de direita (políticos vinculados à União Democrática Nacional – UDN -, Igreja Católica, grandes empresários etc.) entendiam que esta organização




","        constituía mais uma ameaça para a democracia brasileira, ao difundir a ideologia comunista.      ","        contribuía com a valorização da genuína cultura nacional, ao encenar peças de cunho popular      ","        realizava uma tarefa que deveria ser exclusiva do Estado, ao pretender educar o povo por meio da cultura.      ","        prestava um serviço importante à sociedade brasileira, ao incentivar a participação política dos mais pobres.      ","        diminuía a força dos operários urbanos, ao substituir os sindicatos como instituição de pressão política sobre o governo.      ",A,
43,67,"


Um instituto de pesquisa norte-americano divulgou recentemente ter criado uma “célula sintética”, uma bactéria chamada de Mycoplasma mycoides. Os pesquisadores montaram uma sequência de nucleotídeos, que formam o único cromossomo dessa bactéria, o qual foi introduzido em outra espécie de bactéria, a Mycoplasma capricolum. Após a introdução, o cromossomo da M. capricolum foi neutralizado e o e o cromossomo artificial da M. mycoides começou a gerenciar a célula, produzindo suas proteínas.

GILBSON et al. Creation of a Bacterial Cell Controlled by a Chemically synthesized Genome.
Science v. 329, 2010 (adaptado).



","


A importância dessa inovação tecnológica para a comunidade científica se deve à


",        possibilidade de sequenciar os genomas de bactérias para serem usados como receptoras de cromossomos artificiais.      ,"        capacidade de criação, pela ciência, de novas formas de vida, utilizando substâncias como carboidratos e lipídios.      ",        possibilidade de produção em massa da bactéria Mycoplasma capricolum para sua distribuição em ambientes naturais.      ,"        possibilidade de programar geneticamente microrganismos ou seres mais complexos para produzir medicamentos, vacinas e combustíveis.      ",        capacidade da bactéria Mycoplasma capricolum de expressar suas proteínas na bactéria sintética e estas serem usadas na indústria.      ,D,
44,149,"


Observe as dicas para calcular a quantidade certa de alimentos e bebidas para as festas de fim de ano:

Para o prato principal, estime 250 gramas de carne para cada pessoa.
Um copo americano cheio de arroz rende o suficiente para quatro pessoas.
Para a farofa, calcule quatro colheres de sopa por convidado.
Uma garrafa de vinho serve seis pessoas.
 Uma garrafa de cerveja serve duas.
 Uma garrafa de espumante serve três convidados.

Quem organiza festas faz esses cálculos em cima do total de convidados, independente do gosto de cada um.

Quantidade certa de alimentos e bebidas evita o desperdício da ceia.
Jornal Hoje 17 dez. 2010 (adaptado).



","


Um anfitrião decidiu seguir essas dicas ao se preparar para receber 30 convidados para a ceia de Natal. Para seguir essas orientações à risca, o anfitrião deverá dispor de


","        120	kg de carne, 7 copos americanos e meio de arroz, 120 colheres de sopa de farofa, 5 garrafas de vinho, 15 de cerveja e 10 de espumante.      ","        120 kg de carne, 7 copos americanos e meio de arroz, 120 colheres de sopa de farofa, 5 garrafas de vinho, 30 de cerveja e 10 de espumante.      ","        75 kg de carne, 7 copos americanos e meio de arroz, 120 colheres de sopa de farofa, 5 garrafas de vinho, 15 de cerveja e 10 de espumante.      ","        7,5 kg de carne, 7 copos americanos de arroz, 120 colheres de sopa de farofa, 5 garrafas de vinho, 30 de cerveja e 10 de espumante.      ","        7,5 kg de carne, 7 copos americanos e meio de arroz arroz, 120 colheres de sopa de farofa, 5 garrafas de vinho, 15 de cerveja e 10 de espumante.      ",E,
45,140,"







","


Esta figura é uma representação de uma superfície de revolução chamada de


",        pirâmide.      ,        semiesfera.      ,        cilindro.      ,        tronco de cone.      ,        cone.      ,E,enem-data/enem-2011/140-images/context_img_0.png
46,154,"







","


O polígono que dá forma a essa calçada é invariante por rotações, em torno de seu centro, de


",        45°.      ,        60°.      ,        90°.      ,        120°.      ,        180°.      ,D,enem-data/enem-2011/154-images/context_img_0.png
47,41,"












Charge capa da revista “O Malho”, de 1904. Disponível em: http://1.bp.blogspot.com. (Foto: Reprodução/Enem)






","




A imagem representa as manifestações nas ruas da cidade do Rio de Janeiro, na primeira década do século XX, que integraram a Revolta da Vacina. Considerando o contexto político-social da época, essa revolta revela




",        a insatisfação da população com os benefícios de uma modernização urbana autoritária.      ,        a consciência da população pobre sobre a necessidade de vacinação para a erradicação das epidemias.      ,"        a garantia do processo democrático instaurado com a República, através da defesa da liberdade de expressão da população.      ","        o planejamento do governo republicano na área de saúde, que abrangia a população em geral.      ",        o apoio ao governo republicano pela atitude de vacinar toda a população em vez de privilegiar a elite.      ,A,enem-data/enem-2011/41-images/context_img_0.png
48,153,"







","


Uma jovem com IMC = 20 kg/m², 100 cm de circunferência dos quadris e 60 kg de massa corpórea resolveu averiguar seu IAC. Para se enquadrar aos níveis de normalidade de gordura corporal, a atitude adequada que essa jovem deve ter diante da nova medida é
Use √3 = 1,7 e √1,7 = 1,3


",        reduzir seu excesso de gordura em cerca de 1%.      ,        reduzir seu excesso de gordura em cerca de 27%.      ,        manter seus níveis atuais de gordura.      ,        aumentar seu nível de gordura em cerca de 1%.      ,        aumentar seu nível de gordura em cerca de 27%.      ,A,enem-data/enem-2011/153-images/context_img_0.png
49,165,"







","


Escolhendo-se, aleatoriamente, um domicílio pesquisado, qual a chance de haver banda larga de conexão de pelo menos 1 Mbps neste domicílio?


","        0,45      ","        0,42      ","        0,30      ","        0,22      ","        0,15      ",D,enem-data/enem-2011/165-images/context_img_0.png
50,157,"







","


Para o jovem investidor, ao final de um mês, a aplicação mais vantajosa é


","        a poupança, pois totalizará um montante de R$ 502,80.      ","        a poupança, pois totalizará um montante de R$ 500,56.      ","        o CDB, pois totalizará um montante de R$ 504,38.      ","        o CDB, pois totalizará um montante de R$ 504,21.      ","        E o CDB, pois totalizará um montante de R$ 500,87.      ",D,enem-data/enem-2011/157-images/context_img_0.png
51,44,"









O espaço mundial sob a “nova des-ordem” é um emaranhado de zonas, redes e “aglomerados”, espaços hegemônicos e contra-hegemônicos que se cruzam de forma complexa na face da Terra. Fica clara, de saída, a polêmica que envolve uma nova regionalização mundial. Como regionalizar um espaço tão heterogêneo e, em parte, fluído, como é o espaço mundial contemporâneo?

HAESBAERT, R.; PORTO-GONÇALVES, C.W. A nova des-ordem mundial.
São Paulo: UNESP, 2006



","


O mapa procura representar a lógica espacial do mundo contemporâneo pós-União Soviética, no contexto de avanço da globalização e do neoliberalismo, quando a divisão entre países socialistas e capitalistas se desfez e as categorias de “primeiro” e “terceiro” mundo perderam sua validade explicativa. Considerando esse objetivo interpretativo, tal distribuição espacial aponta para


",        a estagnação dos Estados com forte identidade cultural.      ,        o alcance da racionalidade anticapitalista.      ,        a influência das grandes potências econômicas.      ,        a dissolução de blocos políticos regionais.      ,        o alargamento da força econômica dos países islâmicos.      ,C,enem-data/enem-2011/44-images/context_img_0.png
52,151,"

As frutas que antes se compravam por dúzias, hoje em dia, podem ser compradas por quilogramas, existindo também a variação dos preços de acordo com a época de produção. Considere que, independente da época ou variação de preço, certa fruta custa R$ 1,75 o quilograma.


","


Dos gráficos a seguir, o que representa o preço m pago em reais pela compra de n quilogramas desse produto é


",enem-data/enem-2011/151-images/alt_img_0.png,enem-data/enem-2011/151-images/alt_img_1.png,enem-data/enem-2011/151-images/alt_img_2.png,enem-data/enem-2011/151-images/alt_img_3.png,enem-data/enem-2011/151-images/alt_img_4.png,E,
